Datum	Wtag	Sonntag	Losungsvers	Losungstext	Lehrtextvers	Lehrtext
01.01.2016	Freitag	Neujahr	Psalm 136,3.4	Danket dem Herrn aller Herren, der allein große Wunder tut, denn seine Güte währet ewiglich.	Epheser 3,20-21	Dem, der überschwänglich tun kann über alles hinaus, was wir bitten oder verstehen, nach der Kraft, die in uns wirkt, dem sei Ehre in der Gemeinde und in Christus Jesus zu aller Zeit, von Ewigkeit zu Ewigkeit! Amen.
02.01.2016	Samstag		Psalm 23,3	Er führet mich auf rechter Straße um seines Namens willen.	Johannes 10,27	/Jesus Christus spricht:/ Meine Schafe hören meine Stimme, und ich kenne sie und sie folgen mir.
03.01.2016	Sonntag	2. Sonntag nach Weihnachten	Psalm 95,6	Kommt, lasst uns anbeten und knien und niederfallen vor dem HERRN, der uns gemacht hat.	1.Petrus 2,9	Er hat euch berufen von der Finsternis zu seinem wunderbaren Licht.
04.01.2016	Montag		Psalm 139,23-24	Erforsche mich, Gott, und erkenne mein Herz;	prüfe mich und erkenne, wie ich’s meine. Und sieh, ob ich auf bösem Wege bin, und leite mich auf ewigem Wege.	Epheser 3,17	Christus wohne durch den Glauben in euren Herzen.
05.01.2016	Dienstag		Psalm 90,14	Fülle uns frühe mit deiner Gnade, so wollen wir rühmen und fröhlich sein unser Leben lang.	Lukas 21,38	Alles Volk machte sich früh auf zu ihm, ihn im Tempel zu hören.
06.01.2016	Mittwoch	Epiphanias (Erscheinungsfest)	Psalm 89,12-13	Himmel und Erde sind dein, du hast gegründet den Erdkreis und was darinnen ist. Nord und Süd hast du geschaffen.	Kolosser 1,16	In Christus ist alles geschaffen, was im Himmel und auf Erden ist, das Sichtbare und das Unsichtbare, es seien Throne oder Herrschaften oder Mächte oder Gewalten; es ist alles durch ihn und zu ihm geschaffen.
07.01.2016	Donnerstag		Psalm 86,9	Alle Völker, die du gemacht hast, werden kommen und vor dir anbeten, Herr, und deinen Namen ehren.	Titus 2,11	Es ist erschienen die heilsame Gnade Gottes allen Menschen.
08.01.2016	Freitag		Hosea 10,12	Pflüget ein Neues, solange es Zeit ist, den HERRN zu suchen, bis er kommt und Gerechtigkeit über euch regnen lässt!	Römer 12,2	Stellt euch nicht dieser Welt gleich, sondern ändert euch durch Erneuerung eures Sinnes, damit ihr prüfen könnt, was Gottes Wille ist, nämlich das Gute und Wohlgefällige und Vollkommene.
09.01.2016	Samstag		Psalm 9,10	Der HERR ist des Armen Schutz, ein Schutz in Zeiten der Not.	2.Korinther 12,10	/Paulus schreibt:/ Ich bin guten Mutes in Schwachheit, in Misshandlungen, in Nöten, in Verfolgungen und Ängsten um Christi willen.
10.01.2016	Sonntag	1. Sonntag nach Epiphanias	Hesekiel 11,19.20	Ich will das steinerne Herz wegnehmen aus ihrem Leibe und ihnen ein fleischernes Herz geben, damit sie in meinen Geboten wandeln und meine Ordnungen halten und danach tun.	2.Korinther 5,17	Ist jemand in Christus, so ist er eine neue Kreatur; das Alte ist vergangen, siehe, Neues ist geworden.
11.01.2016	Montag		Psalm 37,4	Habe deine Lust am HERRN; der wird dir geben, was dein Herz wünscht.	Markus 11,24	Alles, was ihr bittet in eurem Gebet, glaubt nur, dass ihr’s empfangt, so wird’s euch zuteil werden.
12.01.2016	Dienstag		2.Samuel 23,3-4	Wer gerecht herrscht unter den Menschen, wer herrscht in der Furcht Gottes, der ist wie das Licht des Morgens, wenn die Sonne aufgeht.	Apostelgeschichte 20,28	Gebt acht auf euch und auf die ganze Herde, in der euch der heilige Geist als fürsorgliche Hirten eingesetzt hat.
13.01.2016	Mittwoch		Psalm 91,15	/Der HERR spricht:/ Ich bin bei ihm in der Not, ich will ihn herausreißen und zu Ehren bringen.	Hebräer 2,15	Jesus erlöste die, die durch Furcht vor dem Tod im ganzen Leben Knechte sein mussten.
14.01.2016	Donnerstag		Jesaja 33,24	Kein Mensch im Land wird noch klagen, er sei von Krankheit und Schwäche geplagt; denn die Schuld des Volkes ist vergeben.	Markus 2,5	Jesus sprach zu dem Gelähmten: Mein Sohn, deine Sünden sind dir vergeben.
15.01.2016	Freitag		Jeremia 12,3	Du, HERR, du kennst mich, du siehst mich und prüfst, ob mein Herz bei dir ist.	1.Korinther 4,5	Richtet nicht vor der Zeit, bis der Herr kommt, der auch ans Licht bringen wird, was im Finstern verborgen ist, und wird das Trachten der Herzen offenbar machen. Dann wird einem jeden von Gott sein Lob zuteil werden.
16.01.2016	Samstag		2.Mose 20,3	Du sollst keine anderen Götter haben neben mir.	Matthäus 6,24	Niemand kann zwei Herren dienen.
17.01.2016	Sonntag	Letzter Sonntag nach Epiphanias	Jeremia 31,14	Mein Volk soll meiner Gaben die Fülle haben, spricht der HERR.	2.Korinther 9,8	Gott kann machen, dass alle Gnade unter euch reichlich sei, damit ihr in allen Dingen allezeit volle Genüge habt und noch reich seid zu jedem guten Werk.
18.01.2016	Montag		Jesaja 43,16	Der HERR macht im Meer einen Weg und in starken Wassern Bahn.	Markus 5,36	Fürchte dich nicht, glaube nur!
19.01.2016	Dienstag		5.Mose 6,16	Ihr sollt den HERRN, euren Gott, nicht versuchen.	Johannes 14,15	/Jesus Christus spricht:/ Liebt ihr mich, so werdet ihr meine Gebote halten.
20.01.2016	Mittwoch		Josua 24,18	Auch wir wollen dem HERRN dienen; denn er ist unser Gott.	1.Korinther 4,1	Dafür halte uns jedermann: für Diener Christi und Haushalter über Gottes Geheimnisse.
21.01.2016	Donnerstag		Psalm 79,13	Wir, dein Volk, die Schafe deiner Weide, danken dir ewiglich und verkünden deinen Ruhm für und für.	Kolosser 1,12	Mit Freuden sagt Dank dem Vater, der euch tüchtig gemacht hat zu dem Erbteil der Heiligen im Licht.
22.01.2016	Freitag		Psalm 105,1	Danket dem HERRN und rufet an seinen Namen; verkündigt sein Tun unter den Völkern!	2.Korinther 10,16	/Paulus schreibt:/ Wir wollen das Evangelium auch denen predigen, die jenseits von euch wohnen.
23.01.2016	Samstag		Sprüche 12,25	Sorge im Herzen bedrückt den Menschen; aber ein freundliches Wort erfreut ihn.	Philipper 4,5	Lasst alle Menschen eure Freundlichkeit spüren. Der Herr ist nahe.
24.01.2016	Sonntag	Septuagesimae (70 Tage vor Ostern)	Psalm 30,7.8	Ich sprach, als es mir gut ging: Ich werde nimmermehr wanken. Aber als du dein Antlitz verbargest, erschrak ich.	1.Petrus 5,5-7	Gott widersteht den Hochmütigen, den Demütigen aber schenkt er seine Gnade. Beugt euch also demütig unter die starke Hand Gottes, damit er euch zu seiner Zeit erhöhe. All eure Sorge werft auf ihn.
25.01.2016	Montag		Psalm 115,13	Der HERR segnet, die ihn fürchten, die Kleinen und die Großen.	Lukas 14,17	Kommt, denn es ist alles bereit!
26.01.2016	Dienstag		Psalm 65,9	Du machst fröhlich, was da lebet im Osten wie im Westen.	Apostelgeschichte 16,34	Der Gefängnisaufseher freute sich mit seinem ganzen Hause, dass er zum Glauben an Gott gekommen war.
27.01.2016	Mittwoch		Nehemia 9,20	HERR, du gabst unsern Vätern deinen guten Geist, um sie zu unterweisen.	1.Korinther 2,12	Wir haben nicht empfangen den Geist der Welt, sondern den Geist aus Gott, dass wir wissen können, was uns von Gott geschenkt ist.
28.01.2016	Donnerstag		2.Mose 7,1.2	Der HERR sprach zu Mose: Du sollst alles reden, was ich dir gebieten werde.	Apostelgeschichte 4,29	Und nun, Herr: Gewähre deinen Knechten, in aller Freiheit dein Wort zu verkündigen.
29.01.2016	Freitag		5.Mose 16,20	Was recht ist, dem sollst du nachjagen, damit du leben kannst.	1.Timotheus 6,11	Jage nach der Gerechtigkeit, der Frömmigkeit, dem Glauben, der Liebe, der Geduld, der Sanftmut!
30.01.2016	Samstag		Sacharja 8,23	Wir wollen mit euch gehen, denn wir hören, dass Gott mit euch ist.	Johannes 12,20-21	Es waren einige Griechen unter denen, die heraufgekommen waren, um anzubeten auf dem Fest. Die traten zu Philippus, der von Betsaida aus Galiläa war, und baten ihn und sprachen: Herr, wir wollten Jesus gerne sehen.
31.01.2016	Sonntag	Sexagesimae (60 Tage vor Ostern)	Jeremia 6,13-14	Sie gieren alle, Klein und Groß, nach unrechtem Gewinn, und Propheten und Priester gehen alle mit Lüge um und heilen den Schaden meines Volks nur obenhin, indem sie sagen: »Friede! Friede!«, und ist doch nicht Friede.	1.Korinther 10,33	/Paulus schreibt:/ Ich suche nicht, was mir, sondern was vielen dient, damit sie gerettet werden.
01.02.2016	Montag		5.Mose 9,26	HERR, verdirb dein Volk und dein Erbe nicht, das du durch deine große Kraft erlöst hast!	Philipper 1,6	/Paulus schreibt:/ Ich bin darin guter Zuversicht, dass der in euch angefangen hat das gute Werk, der wird’s auch vollenden bis an den Tag Christi Jesu.
02.02.2016	Dienstag		Psalm 76,9-10	Das Erdreich erschrickt und wird still, wenn Gott sich aufmacht zu richten, dass er helfe allen Elenden auf Erden.	1.Petrus 3,12	Die Augen des Herrn sehen auf die Gerechten, und seine Ohren hören auf ihr Gebet; das Angesicht des Herrn aber steht wider die, die Böses tun.
03.02.2016	Mittwoch		Jesaja 14,27	Der HERR Zebaoth hat’s beschlossen – wer will’s wehren? Und seine Hand ist ausgereckt – wer will sie wenden?	Römer 8,31	Ist Gott für uns, wer kann wider uns sein?
04.02.2016	Donnerstag		Psalm 145,17	Der HERR ist gerecht in allen seinen Wegen und gnädig in allen seinen Werken.	Offenbarung 15,4	Wer sollte dich, Herr, nicht fürchten und deinen Namen nicht preisen? Denn du allein bist heilig! Ja, alle Völker werden kommen und anbeten vor dir, denn deine gerechten Gerichte sind offenbar geworden.
05.02.2016	Freitag		2.Chronik 19,7	Nehmt euch in acht bei eurem Tun, denn beim HERRN, unserem Gott, gibt es keine Ungerechtigkeit und kein Ansehen der Person und keine Bestechlichkeit.	Matthäus 9,10	Als Jesus zu Hause zu Tisch saß, kamen viele Zolleinnehmer und andere, die einen ebenso schlechten Ruf hatten, um mit ihm und seinen Jüngern zu essen.
06.02.2016	Samstag		1.Chronik 28,20	/David sprach zu Salomo:/ Gott der HERR wird die Hand nicht abziehen und dich nicht verlassen, bis du jedes Werk für den Dienst im Hause des HERRN vollendet hast.	2.Timotheus 2,7	Der Herr aber wird dir in allen Dingen Verstand geben.
07.02.2016	Sonntag	Estomihi (Sei mir ein starker Fels! Psalm 31,3)	Sprüche 3,5-6	Verlass dich auf den HERRN von ganzem Herzen, und verlass dich nicht auf deinen Verstand, sondern gedenke an ihn in allen deinen Wegen, so wird er dich recht führen.	Johannes 15,4	/Christus spricht:/ Bleibt in mir und ich in euch. Wie die Rebe keine Frucht bringen kann aus sich selbst, wenn sie nicht am Weinstock bleibt, so auch ihr nicht, wenn ihr nicht in mir bleibt.
08.02.2016	Montag		1.Könige 8,66	Sie gingen heim fröhlich und guten Mutes über all das Gute, das der HERR an David, seinem Knecht, und an seinem Volk Israel getan hatte.	2.Korinther 4,15	Es geschieht alles um euretwillen, damit die überschwängliche Gnade durch die Danksagung vieler noch reicher werde zur Ehre Gottes.
09.02.2016	Dienstag		Psalm 145,15-16	Aller Augen warten auf dich, und du gibst ihnen ihre Speise zur rechten Zeit. Du tust deine Hand auf und sättigst alles, was lebt, nach deinem Wohlgefallen.	Matthäus 6,26	Seht die Vögel unter dem Himmel an: sie säen nicht, sie ernten nicht, sie sammeln nicht in die Scheunen; und euer himmlischer Vater ernährt sie doch. Seid ihr denn nicht viel mehr als sie?
10.02.2016	Mittwoch		Psalm 5,4	HERR, frühe wollest du meine Stimme hören, frühe will ich mich zu dir wenden und aufmerken.	Markus 1,35	Am Morgen, noch vor Tage, stand Jesus auf und ging hinaus. Und er ging an eine einsame Stätte und betete dort.
11.02.2016	Donnerstag		Psalm 13,6	Ich will dem HERRN singen, dass er so wohl an mir tut.	Lukas 1,46-47	Maria sprach: Meine Seele erhebt den Herrn, und mein Geist freut sich Gottes, meines Heilandes.
12.02.2016	Freitag		Hosea 2,1	Anstatt dass man zu ihnen sagt: »Ihr seid nicht mein Volk«, wird man sagen: »O ihr Kinder des lebendigen Gottes!«	Johannes 1,12	Wie viele ihn aufnahmen, denen gab er Macht, Gottes Kinder zu werden.
13.02.2016	Samstag		Psalm 94,15	Recht muss doch Recht bleiben, und ihm werden alle frommen Herzen zufallen.	Matthäus 5,6	Selig sind, die da hungert und dürstet nach der Gerechtigkeit; denn sie sollen satt werden.
14.02.2016	Sonntag	Invokavit (Er ruft mich an, darum will ich ihn erhören. Psalm 91,15)	Psalm 27,1	Der HERR ist meines Lebens Kraft; vor wem sollte mir grauen?	Philipper 4,13	Ich vermag alles durch den, der mich mächtig macht.
15.02.2016	Montag		Hiob 2,10	Haben wir Gutes empfangen von Gott und sollten das Böse nicht auch annehmen?	1.Korinther 10,13	Gott ist treu, der euch nicht versuchen lässt über eure Kraft, sondern macht, dass die Versuchung so ein Ende nimmt, dass ihr’s ertragen könnt.
16.02.2016	Dienstag		Jesaja 55,3	Ich will mit euch einen ewigen Bund schließen.	1.Korinther 11,25	Der Herr Jesus nahm den Kelch nach dem Mahl und sprach: Dieser Kelch ist der neue Bund in meinem Blut.
17.02.2016	Mittwoch		2.Chronik 30,18.19	Der HERR, der gütig ist, wolle gnädig sein allen, die ihr Herz darauf richten, Gott zu suchen.	Lukas 19,2-3	Da war ein Mann mit Namen Zachäus, der war ein Oberer der Zöllner und war reich. Und er begehrte, Jesus zu sehen, wer er wäre.
18.02.2016	Donnerstag		Psalm 96,3	Tut kund seine Herrlichkeit unter den Nationen, unter allen Völkern seine Wunder.	Apostelgeschichte 14,27	Paulus und Barnabas berichteten, was Gott alles durch sie getan und dass er allen Völkern die Tür zum Glauben aufgetan habe.
19.02.2016	Freitag		Psalm 68,6-7	Ein Vater der Waisen und ein Helfer der Witwen ist Gott in seiner heiligen Wohnung, ein Gott, der die Einsamen nach Hause bringt, der die Gefangenen herausführt, dass es ihnen wohlgehe.	Matthäus 25,40	/Jesus Christus spricht:/ Wahrlich, ich sage euch: Was ihr getan habt einem von diesen meinen geringsten Brüdern, das habt ihr mir getan.
20.02.2016	Samstag		Josua 1,9	Lass dir nicht grauen und entsetze dich nicht; denn der HERR, dein Gott, ist mit dir in allem, was du tun wirst.	2.Timotheus 1,7	Gott hat uns nicht gegeben den Geist der Furcht, sondern der Kraft und der Liebe und der Besonnenheit.
21.02.2016	Sonntag	Reminiszere (Gedenke, HERR, an deine Barmherzigkeit! Psalm 25,6)	Psalm 46,5-6	Dennoch soll die Stadt Gottes fein lustig bleiben mit ihren Brünnlein, da die heiligen Wohnungen des Höchsten sind. Gott ist bei ihr drinnen, darum wird sie fest bleiben.	Epheser 2,22	Durch Jesus Christus werdet auch ihr mit erbaut zu einer Wohnung Gottes im Geist.
22.02.2016	Montag		1.Chronik 29,15	Wir sind Fremdlinge und Gäste vor dir wie unsere Väter alle. Unser Leben auf Erden ist wie ein Schatten und bleibet nicht.	Hebräer 13,14	Wir haben hier keine bleibende Stadt, sondern die zukünftige suchen wir.
23.02.2016	Dienstag		Jesaja 61,11	Wie die Erde hervorbringt, was sprießt, so wird Gott der HERR Gerechtigkeit sprießen lassen und Ruhm vor allen Nationen.	2.Korinther 9,10	Der Samen gibt dem Sämann und Brot zur Speise, der wird auch euch Samen geben und ihn mehren und wachsen lassen die Früchte eurer Gerechtigkeit.
24.02.2016	Mittwoch		Psalm 51,13	Verwirf mich nicht von deinem Angesicht, und nimm deinen heiligen Geist nicht von mir.	1.Thessalonicher 5,9	Gott hat uns nicht bestimmt zum Zorn, sondern dazu, das Heil zu erlangen durch unsern Herrn Jesus Christus.
25.02.2016	Donnerstag		Psalm 139,4	Siehe, es ist kein Wort auf meiner Zunge, das du, HERR, nicht schon wüsstest.	Matthäus 6,7-8	/Jesus sprach:/ Wenn ihr betet, sollt ihr nicht viel plappern wie die Heiden; denn sie meinen, sie werden erhört, wenn sie viele Worte machen. Euer Vater weiß, was ihr bedürft, bevor ihr ihn bittet.
26.02.2016	Freitag		Jesaja 5,21	Weh denen, die weise sind in ihren eigenen Augen und halten sich selbst für klug!	1.Korinther 13,2	Wenn ich alle Geheimnisse wüsste und alle Erkenntnis und hätte allen Glauben, sodass ich Berge versetzen könnte, und hätte die Liebe nicht, so wäre ich nichts.
27.02.2016	Samstag		1.Chronik 17,27	Was du, HERR, segnest, das ist gesegnet ewiglich.	1.Petrus 3,9	Segnet, weil ihr dazu berufen seid, dass ihr den Segen ererbt.
28.02.2016	Sonntag	Okuli (Meine Augen sehen stets auf den HERRN. Psalm 25,15)	Jesaja 41,13	Ich bin der HERR, dein Gott, der deine rechte Hand fasst und zu dir spricht: Fürchte dich nicht, ich helfe dir!	Markus 1,30-31	Die Schwiegermutter Simons lag darnieder und hatte das Fieber; und alsbald sagten sie Jesus von ihr. Da trat er zu ihr, fasste sie bei der Hand und richtete sie auf; und das Fieber verließ sie.
29.02.2016	Montag		Jeremia 10,24	Weise mich zurecht, HERR, aber im Gerichtsverfahren, nicht in deinem Zorn, damit du mich nicht auslöschst.	Hebräer 12,11	Für den Augenblick zwar erscheint uns jede Züchtigung nicht als Freude, sondern als Schmerz, später aber bringt sie denen, die an ihr gewachsen sind, die Frucht des Friedens und der Gerechtigkeit.
01.03.2016	Dienstag		Psalm 31,25	Seid getrost und unverzagt alle, die ihr des HERRN harret!	Markus 13,13	Wer beharrt bis an das Ende, der wird selig.
02.03.2016	Mittwoch		Jesaja 52,7	Wie lieblich klingen die Schritte des Freudenboten auf den Bergen, der Frieden verkündet, der gute Botschaft bringt, der Rettung verkündet, der zu Zion spricht: Dein Gott ist König geworden!	Epheser 6,15	Tragt an euren Füßen als Schuhwerk die Bereitschaft für das Evangelium des Friedens.
03.03.2016	Donnerstag		Jesaja 63,1	Ich bin’s, der in Gerechtigkeit redet, und bin mächtig zu helfen.	Römer 5,18	Durch die Gerechtigkeit des Einen ist für alle Menschen die Rechtfertigung gekommen, die zum Leben führt.
04.03.2016	Freitag		1.Könige 8,39	Du allein kennst das Herz aller Menschenkinder.	2.Thessalonicher 2,16-17	Unser Herr Jesus Christus, und Gott, unser Vater, der uns geliebt und uns einen ewigen Trost gegeben hat und eine gute Hoffnung durch Gnade, der tröste eure Herzen und stärke euch in allem guten Werk und Wort.
05.03.2016	Samstag		Jesaja 49,4	Ich dachte, ich arbeitete vergeblich und verzehrte meine Kraft umsonst und unnütz, wiewohl mein Recht bei dem HERRN und mein Lohn bei meinem Gott ist.	Markus 4,26-28	/Jesus sprach:/ Mit dem Reich Gottes ist es so, wie wenn ein Mensch Samen aufs Land wirft und schläft und aufsteht, Nacht und Tag; und der Same geht auf und wächst – er weiß nicht wie. Denn von selbst bringt die Erde Frucht, zuerst den Halm, danach die Ähre, danach den vollen Weizen in der Ähre.
06.03.2016	Sonntag	Lätare (Freuet euch mit Jerusalem! Jesaja 66,10)	2.Chronik 25,8	Bei Gott steht die Kraft zu helfen und fallen zu lassen.	1.Timotheus 1,1	Christus Jesus ist unsre Hoffnung.
07.03.2016	Montag		2.Mose 20,12	Du sollst deinen Vater und deine Mutter ehren.	1.Timotheus 5,4	Sich den Eltern dankbar zu erweisen, das ist wohlgefällig vor Gott.
08.03.2016	Dienstag		2.Mose 33,19	/Der HERR spricht:/ Wem ich gnädig bin, dem bin ich gnädig, und wessen ich mich erbarme, dessen erbarme ich mich.	1.Timotheus 1,12-13	/Paulus schreibt:/ Ich danke unserm Herrn Christus Jesus, der mich stark gemacht und für treu erachtet hat und in das Amt eingesetzt, mich, der ich früher ein Lästerer und ein Verfolger und ein Frevler war; aber mir ist Barmherzigkeit widerfahren.
09.03.2016	Mittwoch		Jesaja 66,22	Wie der neue Himmel und die neue Erde, die ich mache, vor mir Bestand haben, spricht der HERR, so soll auch euer Geschlecht und Name Bestand haben.	Matthäus 16,18	/Jesus sprach:/ Die Pforten der Hölle sollen meine Gemeinde nicht überwältigen.
10.03.2016	Donnerstag		1.Mose 39,9	/Josef sprach zur Frau des Potifar, die ihn verführen wollte:/ Wie sollte ich ein so großes Unrecht begehen und wider Gott sündigen?	Hebräer 3,6	Christus war treu als Sohn über Gottes Haus.
11.03.2016	Freitag		Jesaja 45,6-7	Ich bin der HERR, und sonst keiner mehr, der ich das Licht mache und schaffe die Finsternis, der ich Frieden gebe und schaffe Unheil. Ich bin der HERR, der dies alles tut.	2.Korinther 4,6	Gott, der sprach: Licht soll aus der Finsternis hervorleuchten, der hat einen hellen Schein in unsre Herzen gegeben, dass durch uns entstünde die Erleuchtung zur Erkenntnis der Herrlichkeit Gottes in dem Angesicht Jesu Christi.
12.03.2016	Samstag		Psalm 71,20-21	Gott, du holst mich wieder herauf aus den Tiefen der Erde. Du machst mich sehr groß und tröstest mich wieder.	Matthäus 14,30	Als Petrus den starken Wind sah, erschrak er und begann zu sinken und schrie: Herr, hilf mir!
13.03.2016	Sonntag	Judika (Gott, schaffe mir Recht! Psalm 43,1)	Jeremia 11,20	HERR, ich habe dir meine Sache befohlen.	1.Petrus 2,21.23	Christus hat euch ein Vermächtnis hinterlassen, damit ihr seinen Spuren folgt. Er schmähte nicht, wenn er geschmäht wurde, er drohte nicht, wenn er leiden musste, sondern stellte es dem anheim, der gerecht richtet.
14.03.2016	Montag		Psalm 118,8	Besser ist es, beim HERRN Zuflucht zu suchen, als Menschen zu vertrauen.	Hebräer 4,16	Lasst uns hinzutreten mit Zuversicht zu dem Thron der Gnade, damit wir Barmherzigkeit empfangen und Gnade finden zu der Zeit, wenn wir Hilfe nötig haben.
15.03.2016	Dienstag		5.Mose 32,11	Wie ein Adler ausführt seine Jungen und über ihnen schwebt, breitete der HERR seine Fittiche aus und nahm sein Volk und trug es auf seinen Flügeln.	Philipper 4,7	Der Friede Gottes, der höher ist als alle Vernunft, bewahre eure Herzen und Sinne in Christus Jesus.
16.03.2016	Mittwoch		Sprüche 3,29	Trachte nicht nach Bösem gegen deinen Nächsten, der arglos bei dir wohnt.	Galater 6,10	Darum, solange wir noch Zeit haben, lasst uns Gutes tun an jedermann.
17.03.2016	Donnerstag		Psalm 22,12	Sei nicht ferne von mir, denn Angst ist nahe; denn es ist hier kein Helfer.	Johannes 14,1	/Christus spricht:/ Euer Herz erschrecke nicht! Glaubt an Gott und glaubt an mich!
18.03.2016	Freitag		Jesaja 55,10-11	Gleichwie der Regen und Schnee vom Himmel fällt und nicht wieder dahin zurückkehrt, sondern feuchtet die Erde und macht sie fruchtbar und lässt wachsen, dass sie gibt Samen zu säen und Brot zu essen, so soll das Wort, das aus meinem Munde geht, auch sein.	Markus 4,20	/Jesus sprach:/ Diese aber sind’s, bei denen auf gutes Land gesät ist: die hören das Wort und nehmen’s an und bringen Frucht.
19.03.2016	Samstag		Jesaja 54,4	Schäme dich nicht, denn du sollst nicht zum Spott werden.	1.Petrus 4,16	Leidet einer als ein Christ, so schäme er sich nicht, sondern ehre Gott mit diesem Namen.
20.03.2016	Sonntag	Palmsonntag	Jesaja 59,12-13	Unsre Abtrünnigkeit steht uns vor Augen, und wir kennen unsre Sünden: abtrünnig sein und den HERRN verleugnen.	Titus 3,4-5	Als erschien die Freundlichkeit und Menschenliebe Gottes, unseres Heilands, machte er uns selig – nicht um der Werke der Gerechtigkeit willen, die wir getan hatten, sondern nach seiner Barmherzigkeit.
21.03.2016	Montag		Psalm 48,15	Wahrlich, das ist Gott, unser Gott für immer und ewig. Er ist’s, der uns führet.	Hebräer 12,12-13	Darum stärkt die müden Hände und die wankenden Knie und macht sichere Schritte mit euren Füßen.
22.03.2016	Dienstag		1.Chronik 29,11	Dein, HERR, ist das Reich, und du bist erhöht zum Haupt über alles.	Hebräer 2,9	Jesus sehen wir durch das Leiden des Todes gekrönt mit Preis und Ehre.
23.03.2016	Mittwoch		Psalm 95,7-8	Wenn ihr doch heute auf seine Stimme hören wolltet: »Verstocket euer Herz nicht.«	Jakobus 1,22	Seid aber Täter des Worts und nicht Hörer allein.
24.03.2016	Donnerstag	Gründonnerstag	1.Mose 41,52	Gott hat mich wachsen lassen in dem Lande meines Elends.	Markus 14,34	/Jesus sprach zu den Jüngern:/ Meine Seele ist betrübt bis an den Tod; bleibt hier und wachet!
25.03.2016	Freitag	Karfreitag	Psalm 89,2	Ich will singen von der Gnade des HERRN ewiglich und seine Treue verkünden mit meinem Munde für und für.	2.Korinther 5,19	Gott war in Christus und versöhnte die Welt mit sich selber und rechnete ihnen ihre Sünden nicht zu und hat unter uns aufgerichtet das Wort von der Versöhnung.
26.03.2016	Samstag		Nehemia 1,6	Ach, HERR, lass doch deine Ohren aufmerken, dass du das Gebet hörst, das ich jetzt vor dir bete Tag und Nacht für deine Knechte.	Johannes 17,11	/Jesus betete:/ Heiliger Vater, erhalte sie in deinem Namen, den du mir gegeben hast, dass sie eins seien wie wir.
27.03.2016	Sonntag	Osterfest	Psalm 43,3	Sende dein Licht und deine Wahrheit, dass sie mich leiten zu deiner Wohnung.	1.Korinther 15,20	Nun ist Christus auferstanden von den Toten als Erstling unter denen, die entschlafen sind.
28.03.2016	Montag	Ostermontag	Psalm 80,19	Lass uns leben, so wollen wir deinen Namen anrufen.	2.Timotheus 1,10	Christus Jesus hat dem Tode die Macht genommen und das Leben und ein unvergängliches Wesen ans Licht gebracht durch das Evangelium.
29.03.2016	Dienstag		Psalm 57,2	Unter dem Schatten deiner Flügel habe ich Zuflucht, bis das Unglück vorübergehe.	Johannes 20,19	Am Abend dieses ersten Tages der Woche, als die Jünger versammelt und die Türen verschlossen waren, kam Jesus und trat mitten unter sie und spricht zu ihnen: Friede sei mit euch!
30.03.2016	Mittwoch		Daniel 9,7	Du, Herr, bist gerecht, wir aber müssen uns alle heute schämen.	Matthäus 21,28-29	/Jesus sprach:/ Es hatte ein Mann zwei Söhne und ging zu dem ersten und sprach: Mein Sohn, geh hin und arbeite heute im Weinberg. Er antwortete aber und sprach: Nein, ich will nicht. Danach reute es ihn und er ging hin.
31.03.2016	Donnerstag		Psalm 141,4	HERR, neige mein Herz nicht zum Bösen.	Jakobus 4,17	Wer nun weiß, Gutes zu tun, und tut’s nicht, dem ist’s Sünde.
01.04.2016	Freitag		Psalm 30,2	Ich preise dich, HERR; denn du hast mich aus der Tiefe gezogen.	2.Korinther 1,5	Wie die Leiden Christi reichlich über uns kommen, so werden wir auch reichlich getröstet durch Christus.
02.04.2016	Samstag		Psalm 46,11	Seid stille und erkennet, dass ich Gott bin!	Markus 6,31	Jesus sprach zu ihnen: Geht ihr allein an eine einsame Stätte und ruht ein wenig. Denn es waren viele, die kamen und gingen, und sie hatten nicht Zeit genug zum Essen.
03.04.2016	Sonntag	Quasimodogeniti (Wie die neugeborenen Kindlein. 1.Petrus 2,2)	Jesaja 33,22	Der HERR ist unser Richter, der HERR ist unser Meister, der HERR ist unser König; der hilft uns!	2.Thessalonicher 3,3	Der Herr ist treu; der wird euch stärken und bewahren vor dem Bösen.
04.04.2016	Montag		Jeremia 31,28	Gleichwie ich über sie gewacht habe, auszureißen und einzureißen, so will ich über sie wachen, zu bauen und zu pflanzen, spricht der HERR.	1.Korinther 3,6-7	/Paulus schreibt:/ Ich habe gepflanzt, Apollos hat begossen; aber Gott hat das Gedeihen gegeben. So ist nun weder der pflanzt noch der begießt etwas, sondern Gott, der das Gedeihen gibt.
05.04.2016	Dienstag		Jesaja 38,20	Der HERR hat mir geholfen, darum wollen wir singen und spielen im Hause des HERRN!	1.Korinther 15,57	Gott sei Dank, der uns den Sieg gibt durch unsern Herrn Jesus Christus!
06.04.2016	Mittwoch		Jesaja 61,1.2	Der HERR hat mich gesandt, zu trösten alle Trauernden.	Markus 16,9-10	Als Jesus auferstanden war früh am ersten Tag der Woche, erschien er zuerst Maria von Magdala, von der er sieben böse Geister ausgetrieben hatte. Und sie ging hin und verkündete es denen, die mit ihm gewesen waren und Leid trugen und weinten.
07.04.2016	Donnerstag		Psalm 44,9	Täglich rühmen wir uns Gottes und preisen deinen Namen ewiglich.	Kolosser 3,16	Mit Psalmen, Lobgesängen und geistlichen Liedern singt Gott dankbar in euren Herzen.
08.04.2016	Freitag		5.Mose 31,8	Der HERR aber, der selber vor euch hergeht, der wird mit dir sein und wird die Hand nicht abtun und dich nicht verlassen. Fürchte dich nicht und erschrick nicht!	Römer 8,38.39	Ich bin gewiss, dass weder Tod noch Leben, weder Engel noch Mächte noch Gewalten, weder Gegenwärtiges noch Zukünftiges uns scheiden kann von der Liebe Gottes, die in Christus Jesus ist, unserm Herrn.
09.04.2016	Samstag		Psalm 26,12	Ich will den HERRN loben in den Versammlungen.	Apostelgeschichte 2,46-47	Sie waren täglich einmütig beieinander im Tempel und brachen das Brot hier und dort in den Häusern, hielten die Mahlzeiten mit Freude und lauterem Herzen und lobten Gott.
10.04.2016	Sonntag	Miserikordias Domini (Die Erde ist voll der Güte des HERRN. Psalm 33,5)	1.Könige 8,56	Es ist nicht e i n s dahingefallen von allen seinen guten Worten, die der HERR geredet hat durch seinen Knecht Mose.	1.Thessalonicher 5,24	Treu ist er, der euch ruft; er wird’s auch tun.
11.04.2016	Montag		Maleachi 3,10	Bringt die Zehnten in voller Höhe und prüft mich hiermit, spricht der HERR Zebaoth, ob ich euch dann nicht des Himmels Fenster auftun werde und Segen herabschütten die Fülle.	2.Korinther 9,6	Wer da kärglich sät, der wird auch kärglich ernten; und wer da sät im Segen, der wird auch ernten im Segen.
12.04.2016	Dienstag		Amos 4,13	Siehe, er ist’s, der die Berge macht und den Wind schafft; er zeigt dem Menschen, was er im Sinne hat.	Matthäus 16,3	/Jesus sprach:/ Über das Aussehen des Himmels könnt ihr urteilen; könnt ihr dann nicht auch über die Zeichen der Zeit urteilen?
13.04.2016	Mittwoch		Psalm 33,21	Unser Herz freut sich des HERRN, und wir trauen auf seinen heiligen Namen.	1.Petrus 1,13	Setzt eure Hoffnung ganz auf die Gnade, die euch angeboten wird in der Offenbarung Jesu Christi.
14.04.2016	Donnerstag		Jesaja 29,13	Dies Volk naht mir mit seinem Munde und ehrt mich mit seinen Lippen, aber ihr Herz ist fern von mir.	Markus 3,35	/Jesus sprach:/ Wer Gottes Willen tut, der ist mein Bruder und meine Schwester und meine Mutter.
15.04.2016	Freitag		2.Chronik 30,9	Der HERR, euer Gott, ist gnädig und barmherzig und wird sein Angesicht nicht von euch wenden, wenn ihr euch zu ihm bekehrt.	Apostelgeschichte 3,19-20	Kehrt also um und richtet euch aus auf die Vergebung eurer Sünden, damit vom Angesicht des Herrn her Zeiten der Erquickung kommen.
16.04.2016	Samstag		Psalm 22,20	Du, HERR, sei nicht ferne; meine Stärke, eile, mir zu helfen!	Markus 10,47-48	Der blinde Bartimäus fing an, zu schreien und zu sagen: Jesus, du Sohn Davids, erbarme dich meiner! Und viele fuhren ihn an, er solle stillschweigen. Er aber schrie noch viel mehr: Du Sohn Davids, erbarme dich meiner!
17.04.2016	Sonntag	Jubilate (Jauchzet Gott, alle Lande! Psalm 66,1)	Psalm 59,17	Ich will des Morgens rühmen deine Güte; denn du bist mir Schutz und Zuflucht in meiner Not.	2.Korinther 1,3	Gelobt sei Gott, der Vater unseres Herrn Jesus Christus, der Vater der Barmherzigkeit und Gott allen Trostes.
18.04.2016	Montag		Daniel 2,44	Der Gott des Himmels wird ein Reich aufrichten, das nimmermehr zerstört wird.	Offenbarung 12,10	/Der Seher Johannes schreibt:/ Und ich hörte eine große Stimme, die sprach im Himmel: Nun ist das Heil und die Kraft und das Reich unseres Gottes geworden und die Macht seines Christus.
19.04.2016	Dienstag		Psalm 100,5	Der HERR ist freundlich, und seine Gnade währet ewig und seine Wahrheit für und für.	2.Korinther 5,18	Gott hat uns mit sich selber versöhnt durch Christus.
20.04.2016	Mittwoch		Sacharja 1,3	Kehrt euch zu mir, spricht der HERR Zebaoth, so will ich mich zu euch kehren.	2.Petrus 3,9	Der Herr hat Geduld mit euch und will nicht, dass jemand verloren werde, sondern dass jedermann zur Buße finde.
21.04.2016	Donnerstag		Jesaja 51,4	Merkt auf mich, ihr Völker, und ihr Menschen, hört mir zu! Denn Weisung wird von mir ausgehen, und mein Recht will ich gar bald zum Licht der Völker machen.	1.Timotheus 2,3-4	Gott, unser Heiland, will, dass allen Menschen geholfen werde und sie zur Erkenntnis der Wahrheit kommen.
22.04.2016	Freitag		Jesaja 45,12	Ich bin’s, dessen Hände den Himmel ausgebreitet haben und der seinem ganzen Heer geboten hat.	Offenbarung 15,3	Groß und wunderbar sind deine Werke, Herr, allmächtiger Gott!
23.04.2016	Samstag		Sprüche 10,12	Hass erregt Hader; aber Liebe deckt alle Übertretungen zu.	1.Korinther 13,4-6	Die Liebe ist langmütig und freundlich, die Liebe eifert nicht, die Liebe treibt nicht Mutwillen, sie bläht sich nicht auf, sie verhält sich nicht ungehörig, sie sucht nicht das Ihre, sie lässt sich nicht erbittern, sie rechnet das Böse nicht zu, sie freut sich nicht über die Ungerechtigkeit, sie freut sich aber an der Wahrheit.
24.04.2016	Sonntag	Kantate (Singet dem HERRN ein neues Lied! Psalm 98,1)	Jeremia 31,9	Sie werden weinend kommen, aber ich will sie trösten und leiten. Ich will sie zu Wasserbächen führen auf ebenem Wege, dass sie nicht zu Fall kommen; denn ich bin Israels Vater.	Johannes 16,22	Ihr habt nun Traurigkeit; aber ich will euch wiedersehen, und euer Herz soll sich freuen, und eure Freude soll niemand von euch nehmen.
25.04.2016	Montag		Jesaja 46,9	Gedenkt des Vorigen, wie es von alters her war: Ich bin Gott und sonst keiner mehr, ein Gott, dem nichts gleicht.	1.Korinther 8,6	Wir haben doch nur e i n e n Gott, den Vater, von dem alle Dinge sind und wir zu ihm; und e i n e n Herrn, Jesus Christus, durch den alle Dinge sind und wir durch ihn.
26.04.2016	Dienstag		Hiob 31,4	Sieht Gott nicht meine Wege und zählt alle meine Schritte?	Hebräer 4,13	Kein Geschöpf ist vor ihm verborgen, sondern es ist alles bloß und aufgedeckt vor den Augen Gottes, dem wir Rechenschaft geben müssen.
27.04.2016	Mittwoch		Prediger 5,6	Wo Träume sich mehren und Nichtigkeiten und viele Worte, da fürchte Gott!	Titus 3,9	Von törichten Fragen aber, von Geschlechtsregistern, von Zank und Streit über das Gesetz halte dich fern; denn sie sind unnütz und nichtig.
28.04.2016	Donnerstag		Psalm 40,18	Ich bin arm und elend; der HERR aber sorgt für mich.	Markus 6,41-42	Jesus dankte und brach die Brote und gab sie den Jüngern, damit sie unter ihnen austeilten, und die zwei Fische teilte er unter sie alle. Und sie aßen alle und wurden satt.
29.04.2016	Freitag		Jesaja 57,16	/Gott spricht:/ Ich will nicht immerdar hadern und nicht ewiglich zürnen.	2.Timotheus 1,9	Gott hat uns errettet und uns berufen mit heiligem Ruf, nicht aufgrund unseres Tuns, sondern aufgrund seiner freien Entscheidung und seiner Gnade, die uns in Christus Jesus zugedacht wurde.
30.04.2016	Samstag		5.Mose 32,10	Er behütete sein Volk wie seinen Augapfel.	1.Johannes 4,16	Wir haben erkannt und geglaubt die Liebe, die Gott zu uns hat.
01.05.2016	Sonntag	Rogate (Betet!)	Jeremia 24,7	Ich will ihnen ein Herz geben, dass sie mich erkennen sollen, dass ich der HERR bin.	2.Timotheus 2,8	Halt im Gedächtnis Jesus Christus, der auferstanden ist von den Toten.
02.05.2016	Montag		Jesaja 53,12	Er hat die Sünde vieler getragen, und für die Übeltäter trat er ein.	2.Korinther 5,21	Gott hat den, der von keiner Sünde wusste, für uns zur Sünde gemacht, damit wir in ihm die Gerechtigkeit würden, die vor Gott gilt.
03.05.2016	Dienstag		Psalm 51,15	Ich will die Übertreter deine Wege lehren, dass sich die Sünder zu dir bekehren.	Markus 1,15	/Jesus sprach:/ Erfüllt ist die Zeit, und nahe gekommen ist das Reich Gottes. Kehrt um und glaubt an das Evangelium!
04.05.2016	Mittwoch		Psalm 118,15.16	Man singt mit Freuden vom Sieg in den Hütten der Gerechten: Die Rechte des HERRN ist erhöht; die Rechte des HERRN behält den Sieg!	Matthäus 13,43	Die Gerechten werden leuchten wie die Sonne in ihres Vaters Reich.
05.05.2016	Donnerstag	Himmelfahrt des Herrn	Psalm 46,2-3	Gott ist unsre Zuversicht und Stärke, eine Hilfe in den großen Nöten, die uns getroffen haben. Darum fürchten wir uns nicht.	Matthäus 28,18	/Christus spricht:/ Mir ist gegeben alle Gewalt im Himmel und auf Erden.
06.05.2016	Freitag		Sprüche 15,1	Eine linde Antwort stillt den Zorn; aber ein hartes Wort erregt Grimm.	2.Timotheus 2,24-25	Ein Knecht des Herrn aber soll nicht streitsüchtig sein, sondern freundlich gegen jedermann, im Lehren geschickt, der Böses ertragen kann und mit Sanftmut die Widerspenstigen zurechtweist.
07.05.2016	Samstag		Maleachi 3,18	Ihr werdet den Unterschied sehen zwischen einem Gerechten und einem Ungerechten, zwischen einem, der Gott dient, und einem, der ihm nicht dient.	Matthäus 7,21	Es werden nicht alle, die zu mir sagen: Herr, Herr!, in das Himmelreich kommen, sondern die den Willen tun meines Vaters im Himmel.
08.05.2016	Sonntag	Exaudi (HERR, höre meine Stimme! Psalm 27,7)	Jeremia 20,13	Singet dem HERRN, rühmet den HERRN, der des Armen Leben aus den Händen der Boshaften errettet!	Römer 12,12	Seid fröhlich in Hoffnung, geduldig in Trübsal, beharrlich im Gebet.
09.05.2016	Montag		Hesekiel 16,62	Ich will meinen Bund mit dir aufrichten, sodass du erfahren sollst, dass ich der HERR bin.	Kolosser 1,5-6	Von der Hoffnung habt ihr schon zuvor gehört durch das Wort der Wahrheit, das Evangelium, das zu euch gekommen ist, wie es auch in aller Welt Frucht bringt und auch bei euch wächst.
10.05.2016	Dienstag		Sacharja 8,13	Ich will euch erlösen, dass ihr ein Segen sein sollt.	2.Korinther 3,5	/Paulus schreibt:/ Ich meine nicht, dass ich einem solchen Auftrag aus eigener Kraft gewachsen bin und mir irgendetwas selbst zuschreiben kann. Gott ist es, der mir die Fähigkeit dazu geschenkt hat.
11.05.2016	Mittwoch		Jesaja 60,16	Ich, der HERR, bin dein Heiland, und ich, der Mächtige, dein Erlöser.	Markus 5,41-42	Jesus ergriff das Kind bei der Hand und sprach zu ihm: Talita kum! – das heißt übersetzt: Mädchen, ich sage dir, steh auf! Und sogleich stand das Mädchen auf und ging umher.
12.05.2016	Donnerstag		Josua 8,1	Fürchte dich nicht und verzage nicht!	1.Timotheus 6,12	Kämpfe den guten Kampf des Glaubens.
13.05.2016	Freitag		Psalm 130,4	Bei dir ist die Vergebung, dass man dich fürchte.	1.Johannes 1,7	Wenn wir im Licht wandeln, wie er im Licht ist, so haben wir Gemeinschaft untereinander, und das Blut Jesu, seines Sohnes, macht uns rein von aller Sünde.
14.05.2016	Samstag		5.Mose 5,21	Du sollst nicht begehren deines Nächsten Frau.	1.Thessalonicher 4,3	Das ist der Wille Gottes, eure Heiligung, dass ihr meidet die Unzucht.
15.05.2016	Sonntag	Pfingstfest	Psalm 119,10	Ich suche dich von ganzem Herzen; lass mich nicht abirren von deinen Geboten.	Hebräer 13,9	Es ist ein köstlich Ding, dass das Herz fest werde, welches geschieht durch Gnade.
16.05.2016	Montag	Pfingstmontag	Sacharja 13,9	Ich will sagen: Es ist mein Volk; und sie werden sagen: HERR, mein Gott!	1.Petrus 2,25	Ihr wart wie die irrenden Schafe; aber ihr seid nun bekehrt zu dem Hirten und Bischof eurer Seelen.
17.05.2016	Dienstag		Jesaja 61,6	Ihr sollt Priester des HERRN heißen, und man wird euch Diener unsres Gottes nennen.	2.Timotheus 1,6	/Paulus schreibt an Timotheus:/ Ich erinnere dich daran, dass du erweckest die Gabe Gottes, die in dir ist.
18.05.2016	Mittwoch		3.Mose 19,2	Ihr sollt heilig sein, denn ich bin heilig, der HERR, euer Gott.	Epheser 4,24	Zieht den neuen Menschen an, der nach Gott geschaffen ist in wahrer Gerechtigkeit und Heiligkeit.
19.05.2016	Donnerstag		Jesaja 40,6.8	Alles Fleisch ist Gras, und alle seine Güte ist wie eine Blume auf dem Felde. Das Gras verdorrt, die Blume verwelkt, aber das Wort unseres Gottes bleibt ewiglich.	Markus 13,31	Himmel und Erde werden vergehen; meine Worte aber werden nicht vergehen.
20.05.2016	Freitag		2.Mose 23,1	Biete deine Hand nicht einem, der Unrecht tut, indem du als Zeuge Gewalt deckst.	Epheser 4,25	Legt die Lüge ab und redet die Wahrheit, ein jeder mit seinem Nächsten.
21.05.2016	Samstag		Psalm 84,12	Gott der HERR ist Sonne und Schild.	Matthäus 6,31	Darum sollt ihr nicht sorgen.
22.05.2016	Sonntag	Trinitatis (Dreieinigkeit)	Sacharja 8,21	Lasst uns gehen, den HERRN anzuflehen und zu suchen den HERRN Zebaoth; wir selber wollen hingehen.	Epheser 2,18	Durch Christus haben wir in e i n e m Geist den Zugang zum Vater.
23.05.2016	Montag		3.Mose 19,32	Vor einem grauen Haupt sollst du aufstehen und die Alten ehren.	Römer 12,10	Einer komme dem andern mit Ehrerbietung zuvor.
24.05.2016	Dienstag		Jesaja 10,1.2	Weh denen, die unrechte Gesetze machen, um die Sache der Armen zu beugen und Gewalt zu üben am Recht der Elenden!	2.Korinther 6,14	Was hat die Gerechtigkeit zu schaffen mit der Ungerechtigkeit? Was hat das Licht für Gemeinschaft mit der Finsternis?
25.05.2016	Mittwoch		Psalm 91,11-12	Der HERR hat seinen Engeln befohlen, dass sie dich behüten auf allen deinen Wegen, dass sie dich auf den Händen tragen und du deinen Fuß nicht an einen Stein stoßest.	2.Timotheus 4,17	/Paulus schreibt:/ Der Herr stand mir bei und stärkte mich.
26.05.2016	Donnerstag		Jesaja 12,4	Machet kund unter den Völkern sein Tun, verkündiget, wie sein Name so hoch ist!	Markus 16,15	Jesus sprach zu seinen Jüngern: Gehet hin in alle Welt und predigt das Evangelium aller Kreatur.
27.05.2016	Freitag		Psalm 74,21	HERR, lass den Geringen nicht beschämt davongehen.	2.Korinther 12,9	Lass dir an meiner Gnade genügen; denn meine Kraft ist in den Schwachen mächtig.
28.05.2016	Samstag		Hiob 33,28	Gott hat mich erlöst, dass ich nicht hinfahre zu den Toten, sondern mein Leben das Licht sieht.	1.Korinther 6,14	Gott hat den Herrn auferweckt und wird auch uns auferwecken durch seine Kraft.
29.05.2016	Sonntag	1. Sonntag nach Trinitatis	Psalm 143,6	Ich breite meine Hände aus zu dir, meine Seele dürstet nach dir wie ein dürres Land.	Matthäus 11,28	Kommt her zu mir, alle, die ihr mühselig und beladen seid; ich will euch erquicken.
30.05.2016	Montag		2.Mose 3,14	Gott sprach zu Mose: Ich werde sein, der ich sein werde.	Matthäus 28,20	/Jesus Christus spricht:/ Ich bin bei euch alle Tage bis an der Welt Ende.
31.05.2016	Dienstag		Psalm 106,3	Wohl denen, die das Gebot halten und tun immerdar recht!	Johannes 15,12	Das ist mein Gebot, dass ihr euch untereinander liebt, wie ich euch liebe.
01.06.2016	Mittwoch		Hesekiel 20,11	Ich gab ihnen meine Gebote und lehrte sie meine Gesetze, durch die der Mensch lebt, der sie hält.	Johannes 14,23	/Jesus sprach:/ Wer mich liebt, der wird mein Wort halten; und mein Vater wird ihn lieben, und wir werden zu ihm kommen und Wohnung bei ihm nehmen.
02.06.2016	Donnerstag		Hesekiel 33,11	So kehrt nun um von euren bösen Wegen. Warum wollt ihr sterben?	Lukas 15,7	Es wird Freude im Himmel sein über e i n e n Sünder, der Buße tut, mehr als über neunundneunzig Gerechte, die der Buße nicht bedürfen.
03.06.2016	Freitag		Psalm 84,4	Der Vogel hat ein Haus gefunden und die Schwalbe ein Nest für ihre Jungen – deine Altäre, HERR Zebaoth, mein König und mein Gott.	Epheser 2,19	Ihr seid nun nicht mehr Gäste und Fremdlinge, sondern Mitbürger der Heiligen und Gottes Hausgenossen.
04.06.2016	Samstag		Hosea 1,7	Ich will mich erbarmen über das Haus Juda und will ihnen helfen, aber nicht durch Bogen, Schwert, Rüstung, Ross und Wagen.	Römer 9,16	So liegt es nun nicht an jemandes Wollen oder Laufen, sondern an Gottes Erbarmen.
05.06.2016	Sonntag	2. Sonntag nach Trinitatis	2.Mose 33,15	Mose sprach zu dem HERRN: Wenn nicht dein Angesicht vorangeht, so führe uns nicht von hier hinauf.	Johannes 16,13	Wenn der Geist der Wahrheit kommen wird, wird er euch in alle Wahrheit leiten.
06.06.2016	Montag		Jesaja 5,8	Wehe denen, die ein Haus zum andern bringen und einen Acker an den andern rücken, bis kein Raum mehr da ist und sie allein das Land besitzen!	Lukas 12,15	Seht zu und hütet euch vor aller Habgier; denn niemand lebt davon, dass er viele Güter hat.
07.06.2016	Dienstag		Psalm 16,11	Du tust mir kund den Weg zum Leben.	Römer 6,23	Die Gabe Gottes ist das ewige Leben in Christus Jesus, unserm Herrn.
08.06.2016	Mittwoch		Psalm 146,8	Der HERR richtet auf, die niedergeschlagen sind.	Johannes 7,37	/Jesus rief:/ Wen da dürstet, der komme zu mir und trinke!
09.06.2016	Donnerstag		2.Samuel 14,14	Gott will nicht das Leben wegnehmen, sondern er ist darauf bedacht, dass das Verstoßene nicht auch von ihm verstoßen werde.	Markus 2,16-17	/Die Schriftgelehrten sprachen zu den Jüngern Jesu:/ Isst er mit den Zöllnern und Sündern? Als das Jesus hörte, sprach er zu ihnen: Die Starken bedürfen keines Arztes, sondern die Kranken.
10.06.2016	Freitag		5.Mose 3,24	Wo ist ein Gott im Himmel und auf Erden, der es deinen Werken und deiner Macht gleichtun könnte?	Matthäus 7,24	Wer meine Rede hört und tut sie, der gleicht einem klugen Mann, der sein Haus auf Fels baute.
11.06.2016	Samstag		Psalm 19,12	Dein Knecht lässt sich durch deine Gebote warnen.	Lukas 8,18	So seht nun darauf, wie ihr zuhört.
12.06.2016	Sonntag	3. Sonntag nach Trinitatis	Psalm 143,10	Lehre mich tun nach deinem Wohlgefallen, denn du bist mein Gott; dein guter Geist führe mich auf ebener Bahn.	Kolosser 2,6-7	Wie ihr nun den Herrn Christus Jesus angenommen habt, so lebt auch in ihm und seid in ihm verwurzelt und gegründet und fest im Glauben.
13.06.2016	Montag		Jesaja 58,11	Du wirst sein wie ein bewässerter Garten und wie eine Wasserquelle, der es nie an Wasser fehlt.	Johannes 4,14	Wer von dem Wasser trinken wird, das ich ihm gebe, den wird in Ewigkeit nicht dürsten, sondern das Wasser, das ich ihm geben werde, das wird in ihm eine Quelle des Wassers werden, das in das ewige Leben quillt.
14.06.2016	Dienstag		Psalm 37,5	Befiehl dem HERRN deine Wege und hoffe auf ihn, er wird’s wohlmachen.	Römer 5,2	Durch Jesus Christus haben wir den Zugang im Glauben zu dieser Gnade, in der wir stehen, und rühmen uns der Hoffnung der zukünftigen Herrlichkeit.
15.06.2016	Mittwoch		4.Mose 23,12	Muss ich nicht das halten und reden, was mir der HERR in den Mund gibt?	Apostelgeschichte 4,20	Wir können’s ja nicht lassen, von dem zu reden, was wir gesehen und gehört haben.
16.06.2016	Donnerstag		Psalm 94,11	Der HERR kennt die Gedanken der Menschen: sie sind nur ein Hauch!	Römer 12,16	Haltet euch nicht selbst für klug.
17.06.2016	Freitag		Jeremia 23,28	Ein Prophet, der Träume hat, der erzähle Träume; wer aber mein Wort hat, der predige mein Wort recht. Wie reimen sich Stroh und Weizen zusammen?, spricht der HERR.	1.Johannes 4,1	Ihr Lieben, glaubt nicht einem jeden Geist, sondern prüft die Geister.
18.06.2016	Samstag		Jeremia 33,9	Das soll mein Ruhm und meine Wonne, mein Preis und meine Ehre sein unter allen Völkern auf Erden, wenn sie all das Gute hören, das ich Jerusalem tue.	Römer 15,8-9	Christus ist ein Diener der Juden geworden um der Wahrhaftigkeit Gottes willen, um die Verheißungen zu bestätigen, die den Vätern gegeben sind; die Heiden aber sollen Gott loben um der Barmherzigkeit willen.
19.06.2016	Sonntag	4. Sonntag nach Trinitatis	Jesaja 66,1	So spricht der HERR: Der Himmel ist mein Thron und die Erde der Schemel meiner Füße! Was ist denn das für ein Haus, das ihr mir bauen könntet?	Markus 13,21	Wenn dann jemand zu euch sagen wird: Siehe, hier ist der Christus; siehe, da ist er!, so glaubt es nicht.
20.06.2016	Montag		Psalm 138,6	Der HERR ist hoch und sieht auf den Niedrigen und kennt den Stolzen von ferne.	1.Korinther 1,28	Das Geringe vor der Welt und das Verachtete hat Gott erwählt.
21.06.2016	Dienstag		5.Mose 4,39	Du sollst heute wissen und zu Herzen nehmen, dass der HERR Gott ist oben im Himmel und unten auf Erden und sonst keiner.	Apostelgeschichte 17,27-28	Er ist nicht ferne von einem jeden unter uns. Denn in ihm leben, weben und sind wir.
22.06.2016	Mittwoch		5.Mose 10,12	Nun, Israel, was fordert der HERR, dein Gott, noch von dir, als dass du den HERRN, deinen Gott, fürchtest, dass du in allen seinen Wegen wandelst und ihn liebst und dem HERRN, deinem Gott, dienst von ganzem Herzen und von ganzer Seele?	1.Johannes 2,5	Wer sein Wort bewahrt, in dem ist die Liebe Gottes wirklich zur Vollendung gekommen. Daran erkennen wir, dass wir in ihm sind.
23.06.2016	Donnerstag		Psalm 18,36	Du gibst mir den Schild deines Heils, und deine Rechte stärkt mich.	1.Korinther 4,20	Das Reich Gottes steht nicht in Worten, sondern in Kraft.
24.06.2016	Freitag	Johannistag	Psalm 34,4	Preiset mit mir den HERRN und lasst uns miteinander seinen Namen erhöhen!	Johannes 1,6-7	Es war ein Mensch, von Gott gesandt, der hieß Johannes. Der kam zum Zeugnis, um von dem Licht zu zeugen, damit sie alle durch ihn glaubten.
25.06.2016	Samstag		Psalm 103,17-18	Die Gnade des HERRN währt von Ewigkeit zu Ewigkeit über denen, die ihn fürchten, und seine Gerechtigkeit auf Kindeskind bei denen, die seinen Bund halten.	Hebräer 13,8	Jesus Christus gestern und heute und derselbe auch in Ewigkeit.
26.06.2016	Sonntag	5. Sonntag nach Trinitatis	1.Mose 26,24	Fürchte dich nicht, denn ich bin mit dir und will dich segnen.	Apostelgeschichte 4,13	Sie sahen den Freimut des Petrus und Johannes und wunderten sich; denn sie merkten, dass sie ungelehrte und einfache Leute waren, und wussten auch von ihnen, dass sie mit Jesus gewesen waren.
27.06.2016	Montag		Psalm 31,24	Liebet den HERRN, alle seine Heiligen!	Markus 12,32-33	Er ist nur e i n e r, und ist kein anderer außer ihm; und ihn lieben von ganzem Herzen, von ganzem Gemüt und von allen Kräften, und seinen Nächsten lieben wie sich selbst, das ist mehr als alle Brandopfer und Schlachtopfer.
28.06.2016	Dienstag		Jesaja 55,12	Ihr sollt in Freuden ausziehen und im Frieden geleitet werden.	Johannes 14,27	Den Frieden lasse ich euch, meinen Frieden gebe ich euch. Nicht gebe ich euch, wie die Welt gibt. Euer Herz erschrecke nicht und fürchte sich nicht.
29.06.2016	Mittwoch		5.Mose 8,10	Wenn du gegessen hast und satt bist, sollst du den HERRN, deinen Gott, loben.	Apostelgeschichte 14,17	Gott hat sich selbst nicht unbezeugt gelassen, hat viel Gutes getan und euch vom Himmel Regen und fruchtbare Zeiten gegeben, hat euch ernährt und eure Herzen mit Freude erfüllt.
30.06.2016	Donnerstag		Jesaja 57,18	Ihre Wege habe ich gesehen, aber ich will sie heilen und sie leiten und ihnen wieder Trost geben.	Markus 6,12-13	Die Zwölf zogen aus und predigten, man solle Buße tun, und trieben viele böse Geister aus und salbten viele Kranke mit Öl und machten sie gesund.
01.07.2016	Freitag		1.Chronik 29,14	Was bin ich? Was ist mein Volk, dass wir freiwillig so viel zu geben vermochten? Von dir ist alles gekommen, und von deiner Hand haben wir dir’s gegeben.	2.Korinther 8,14	/Paulus schreibt:/ Im Augenblick habt ihr mehr als die andern. Darum ist es nur recht, dass ihr denen helft, die in Not sind. Wenn dann einmal ihr in Not seid und sie mehr haben als ihr, sollen sie euch helfen. So kommt es zu einem Ausgleich zwischen euch.
02.07.2016	Samstag		Psalm 30,4	HERR, du hast mich heraufgeholt aus dem Totenreich, zum Leben mich zurückgerufen von denen, die hinab zur Grube fuhren.	Kolosser 1,13	Er hat uns errettet von der Macht der Finsternis und hat uns versetzt in das Reich seines lieben Sohnes.
03.07.2016	Sonntag	6. Sonntag nach Trinitatis	Joel 2,11-12	Der Tag des HERRN ist groß und voller Schrecken, wer kann ihn ertragen? Doch auch jetzt noch, spricht der HERR, bekehrt euch zu mir von ganzem Herzen!	Römer 13,12	Die Nacht ist vorgerückt, der Tag aber nahe herbeigekommen. So lasst uns ablegen die Werke der Finsternis und anlegen die Waffen des Lichts.
04.07.2016	Montag		Psalm 104,33	Ich will dem HERRN singen mein Leben lang und meinen Gott loben, solange ich bin.	Epheser 5,19	Ermuntert einander mit Psalmen und Lobgesängen und geistlichen Liedern, singt und spielt dem Herrn in eurem Herzen.
05.07.2016	Dienstag		Psalm 119,73	Deine Hand hat mich gemacht und bereitet; unterweise mich, dass ich deine Gebote lerne.	1.Korinther 1,4-5	/Paulus schreibt:/ Ich danke meinem Gott allezeit euretwegen für die Gnade Gottes, die euch gegeben ist in Christus Jesus, dass ihr durch ihn in allen Stücken reich gemacht seid, in aller Lehre und in aller Erkenntnis.
06.07.2016	Mittwoch		Zefanja 3,15	Der HERR, der König Israels, ist bei dir, dass du dich vor keinem Unheil mehr fürchten musst.	1.Korinther 16,13	Wachet, steht im Glauben, seid mutig und seid stark!
07.07.2016	Donnerstag		Jeremia 1,7	Sage nicht: »Ich bin zu jung«, sondern du sollst gehen, wohin ich dich sende, und predigen alles, was ich dir gebiete.	Apostelgeschichte 18,9-10	/Der Herr sprach zu Paulus:/ Fürchte dich nicht, sondern rede und schweige nicht! Denn ich bin mit dir.
08.07.2016	Freitag		Psalm 50,1	Gott, der HERR, der Mächtige, redet und ruft der Welt zu vom Aufgang der Sonne bis zu ihrem Niedergang.	Hebräer 1,1-2	Nachdem Gott vorzeiten vielfach und auf vielerlei Weise geredet hat zu den Vätern durch die Propheten, hat er in diesen letzten Tagen zu uns geredet durch den Sohn.
09.07.2016	Samstag		Jeremia 32,17	Ach HERR, siehe, du hast Himmel und Erde gemacht durch deine große Kraft und durch deinen ausgereckten Arm, und es ist kein Ding vor dir unmöglich.	2.Korinther 1,9	Wir setzen unser Vertrauen nicht auf uns selbst, sondern auf Gott, der die Toten auferweckt, der uns aus Todesnot errettet hat und erretten wird.
10.07.2016	Sonntag	7. Sonntag nach Trinitatis	Jesaja 62,3	Du wirst sein eine schöne Krone in der Hand des HERRN und ein königlicher Reif in der Hand deines Gottes.	Offenbarung 21,2	Ich sah die heilige Stadt, das neue Jerusalem, von Gott aus dem Himmel herabkommen, bereitet wie eine geschmückte Braut für ihren Mann.
11.07.2016	Montag		Amos 7,2-3	/Amos sprach:/ Ach HERR, sei gnädig! Wer soll Jakob wieder aufhelfen? Er ist ja so schwach. Da reute es den HERRN und er sprach: Wohlan, es soll nicht geschehen.	Epheser 6,18	Betet allezeit mit Bitten und Flehen im Geist und wacht dazu mit aller Beharrlichkeit im Gebet für alle Heiligen.
12.07.2016	Dienstag		Amos 5,14	Suchet das Gute und nicht das Böse, auf dass ihr leben könnt.	1.Korinther 16,14	Alle eure Dinge lasst in der Liebe geschehen!
13.07.2016	Mittwoch		Psalm 39,2	Ich habe mir vorgenommen: Ich will mich hüten, dass ich nicht sündige mit meiner Zunge.	Epheser 4,29	Redet, was gut ist, was erbaut und was notwendig ist, damit es Segen bringe denen, die es hören.
14.07.2016	Donnerstag		Psalm 97,10	Die ihr den HERRN liebet, hasset das Arge!	1.Petrus 2,15-16	Denn das ist der Wille Gottes, dass ihr mit guten Taten den unwissenden und törichten Menschen das Maul stopft – als die Freien und nicht als hättet ihr die Freiheit zum Deckmantel der Bosheit, sondern als die Knechte Gottes.
15.07.2016	Freitag		2.Mose 20,14	Du sollst nicht ehebrechen.	Hebräer 13,4	Die Ehe soll in Ehren gehalten werden.
16.07.2016	Samstag		Jeremia 16,19	HERR, du bist meine Stärke und Kraft und meine Zuflucht in der Not!	Markus 5,22-24	Als Jaïrus Jesus sah, fiel er ihm zu Füßen und bat ihn sehr und sprach: Meine Tochter liegt in den letzten Zügen; komm doch und lege deine Hände auf sie, damit sie gesund werde und lebe. Und er ging hin mit ihm.
17.07.2016	Sonntag	8. Sonntag nach Trinitatis	Psalm 111,9	Er sendet eine Erlösung seinem Volk; er verheißt, dass sein Bund ewig bleiben soll.	Matthäus 15,31	Das Volk verwunderte sich, als sie sahen, dass die Stummen redeten, die Verkrüppelten gesund waren, die Gelähmten gingen, die Blinden sahen; und sie priesen den Gott Israels.
18.07.2016	Montag		Klagelieder 3,22-23	Die Barmherzigkeit des HERRN hat noch kein Ende, sondern sie ist alle Morgen neu und deine Treue ist groß.	2.Korinther 4,16	Darum werden wir nicht müde; sondern wenn auch unser äußerer Mensch verfällt, so wird doch der innere von Tag zu Tag erneuert.
19.07.2016	Dienstag		Jesaja 55,8	Meine Gedanken sind nicht eure Gedanken, und eure Wege sind nicht meine Wege, spricht der HERR.	Markus 9,38-39a.40	Johannes sprach zu Jesus: Meister, wir sahen einen, der trieb böse Geister in deinem Namen aus, und wir verboten’s ihm, weil er uns nicht nachfolgt. Jesus aber sprach: Ihr sollt’s ihm nicht verbieten. Denn wer nicht gegen uns ist, der ist für uns.
20.07.2016	Mittwoch		5.Mose 16,17	Ein jeder gebe, was er geben kann nach dem Segen, den dir der HERR, dein Gott, gegeben hat.	1.Petrus 4,10	Dient einander, ein jeder mit der Gabe, die er empfangen hat, als die guten Haushalter der mancherlei Gnade Gottes.
21.07.2016	Donnerstag		Hesekiel 12,25	Ich bin der HERR. Was ich rede, das soll geschehen und sich nicht lange hinausziehen.	2.Thessalonicher 3,5	Der Herr richte eure Herzen aus auf die Liebe Gottes und auf die Geduld Christi.
22.07.2016	Freitag		Psalm 119,24	HERR, ich habe Freude an deinen Mahnungen; sie sind meine Ratgeber.	Lukas 2,46	Die Eltern Jesu fanden ihn im Tempel sitzen, mitten unter den Lehrern, wie er ihnen zuhörte und sie fragte.
23.07.2016	Samstag		Jesaja 51,7	Fürchtet euch nicht, wenn euch die Leute schmähen, und entsetzt euch nicht, wenn sie euch verhöhnen!	Lukas 6,26	Weh euch, wenn euch jedermann wohlredet!
24.07.2016	Sonntag	9. Sonntag nach Trinitatis	Psalm 33,10	Der HERR macht zunichte die Pläne der Völker.	Epheser 1,20-21	Gott hat Christus von den Toten auferweckt und eingesetzt zu seiner Rechten im Himmel über alle Reiche, Gewalt, Macht, Herrschaft und alles, was sonst einen Namen hat.
25.07.2016	Montag		Psalm 33,6	Der Himmel ist durch das Wort des HERRN gemacht und all sein Heer durch den Hauch seines Mundes.	Apostelgeschichte 17,25	Gott lässt sich nicht von Menschenhänden dienen wie einer, der etwas nötig hätte, da er doch selber jedermann Leben und Odem und alles gibt.
26.07.2016	Dienstag		Jesaja 50,7	Gott der HERR hilft mir, darum werde ich nicht zuschanden.	2.Korinther 1,10-11	Auf ihn hoffen wir, er werde uns auch hinfort erretten. Dazu helft auch ihr durch eure Fürbitte für uns.
27.07.2016	Mittwoch		Psalm 9,20	HERR, steh auf, dass nicht Menschen die Oberhand gewinnen.	Lukas 18,7	Sollte Gott nicht Recht schaffen seinen Auserwählten, die zu ihm Tag und Nacht rufen?
28.07.2016	Donnerstag		Hosea 12,7	So bekehre dich nun zu deinem Gott, halte fest an Barmherzigkeit und Recht und hoffe stets auf deinen Gott!	Kolosser 3,12	So zieht nun an als die Auserwählten Gottes, als die Heiligen und Geliebten, herzliches Erbarmen, Freundlichkeit, Demut, Sanftmut, Geduld.
29.07.2016	Freitag		Jeremia 2,19	Du musst innewerden und erfahren, was es für Jammer und Herzeleid bringt, den HERRN, deinen Gott, zu verlassen und ihn nicht zu fürchten.	Offenbarung 3,11	Halte, was du hast, dass niemand deine Krone nehme!
30.07.2016	Samstag		Micha 6,8	Es ist dir gesagt, Mensch, was gut ist, und was der HERR von dir fordert, nämlich Gottes Wort halten und Liebe üben und demütig sein vor deinem Gott.	Johannes 13,15	/Jesus spricht:/ Ein Beispiel habe ich euch gegeben, damit ihr tut, wie ich euch getan habe.
31.07.2016	Sonntag	10. Sonntag nach Trinitatis (Israelsonntag)	3.Mose 19,14	Du sollst dem Tauben nicht fluchen und sollst vor den Blinden kein Hindernis legen, denn du sollst dich vor deinem Gott fürchten.	Lukas 14,13-14	Wenn du ein Mahl machst, so lade Arme, Verkrüppelte, Lahme und Blinde ein, dann wirst du selig sein, denn sie haben nichts, um es dir zu vergelten.
01.08.2016	Montag		5.Mose 10,18.19	Der HERR schafft Recht den Waisen und Witwen und hat Fremdlinge lieb, dass er ihnen Speise und Kleider gibt. Darum sollt ihr auch die Fremdlinge lieben.	Matthäus 25,35	Ich bin ein Fremder gewesen und ihr habt mich aufgenommen.
02.08.2016	Dienstag		Psalm 145,4	Eine Generation rühmt der andern deine Werke, und deine mächtigen Taten verkünden sie.	Philipper 2,11	Alle Zungen sollen bekennen, dass Jesus Christus der Herr ist, zur Ehre Gottes, des Vaters.
03.08.2016	Mittwoch		Daniel 4,32	Er macht’s, wie er will, mit den Mächten im Himmel und mit denen, die auf Erden wohnen. Und niemand kann seiner Hand wehren noch zu ihm sagen: Was machst du?	Offenbarung 11,15	Es sind die Reiche der Welt unseres Herrn und seines Christus geworden, und er wird regieren von Ewigkeit zu Ewigkeit.
04.08.2016	Donnerstag		Jesaja 55,6	Sucht den HERRN, solange er zu finden ist; ruft ihn an, solange er nahe ist.	2.Korinther 6,2	Siehe, jetzt ist die Zeit der Gnade, siehe, jetzt ist der Tag des Heils!
05.08.2016	Freitag		Psalm 29,11	Der HERR wird seinem Volk Kraft geben.	Hebräer 13,20.21	Der Gott des Friedens mache euch tüchtig in allem Guten, zu tun seinen Willen.
06.08.2016	Samstag		Psalm 32,10	Wer auf den HERRN hofft, den wird die Güte umfangen.	Johannes 16,24	Bittet, so werdet ihr nehmen, dass eure Freude vollkommen sei.
07.08.2016	Sonntag	11. Sonntag nach Trinitatis	Jeremia 2,28	Wo sind denn deine Götter, die du dir gemacht hast? Lass sie aufstehen; lass sehen, ob sie dir helfen können in deiner Not!	Matthäus 23,10	Einer ist euer Lehrer: Christus.
08.08.2016	Montag		Psalm 33,16	Einem König hilft nicht seine große Macht; ein Held kann sich nicht retten durch seine große Kraft.	Galater 4,9	Nachdem ihr aber Gott erkannt habt, ja vielmehr von Gott erkannt seid, wie wendet ihr euch dann wieder den schwachen und dürftigen Mächten zu?
09.08.2016	Dienstag		2.Mose 10,3	So spricht der HERR: Wie lange weigerst du dich, dich vor mir zu demütigen?	Offenbarung 3,17	Du sprichst: Ich bin reich und habe genug und brauche nichts!, und weißt nicht, dass du elend und jämmerlich bist, arm, blind und bloß.
10.08.2016	Mittwoch		Psalm 40,17	Lass deiner sich freuen und fröhlich sein alle, die nach dir fragen.	Lukas 19,5-6	/Jesus sprach:/ Zachäus, steig eilend herunter; denn ich muss heute in deinem Haus einkehren. Und er stieg eilend herunter und nahm ihn auf mit Freuden.
11.08.2016	Donnerstag		Psalm 80,20	HERR, Gott Zebaoth, tröste uns wieder; lass leuchten dein Antlitz, so genesen wir.	Lukas 7,13-14	Als der Herr die Witwe sah, jammerte sie ihn und er sprach zu ihr: Weine nicht! Und trat hinzu und berührte den Sarg, und die Träger blieben stehen. Und er sprach: Jüngling, ich sage dir, steh auf!
12.08.2016	Freitag		1.Könige 8,58	Der HERR, unser Gott, neige unser Herz zu ihm, dass wir wandeln in allen seinen Wegen.	2.Petrus 1,3	Alles, was zum Leben und zur Frömmigkeit dient, hat uns seine göttliche Kraft geschenkt.
13.08.2016	Samstag		Jona 3,9	Wer weiß? Vielleicht lässt Gott es sich gereuen und wendet sich ab von seinem grimmigen Zorn, dass wir nicht verderben.	1.Johannes 1,9	Wenn wir unsre Sünden bekennen, so ist er treu und gerecht, dass er uns die Sünden vergibt und reinigt uns von aller Ungerechtigkeit.
14.08.2016	Sonntag	12. Sonntag nach Trinitatis	Psalm 66,4	Alles Land bete dich an und lobsinge dir, lobsinge deinem Namen.	2.Thessalonicher 1,12	In euch werde verherrlicht der Name unseres Herrn Jesus.
15.08.2016	Montag		Sprüche 15,3	Die Augen des HERRN sind an allen Orten, sie schauen auf Böse und Gute.	Matthäus 13,47	Das Himmelreich gleicht einem Netz, das ins Meer geworfen ist und Fische aller Art fängt.
16.08.2016	Dienstag		Jeremia 23,3	Ich will die Übriggebliebenen meiner Herde sammeln aus allen Ländern und will sie wiederbringen zu ihren Weideplätzen, dass sie sollen wachsen und viel werden.	Johannes 10,16	/Jesus sprach:/ Ich habe noch andere Schafe, die sind nicht aus diesem Stall; auch sie muss ich herführen, und sie werden meine Stimme hören, und es wird eine Herde und ein Hirte werden.
17.08.2016	Mittwoch		Jesaja 41,17	Die Elenden und Armen suchen Wasser, und es ist nichts da, ihre Zunge verdorrt vor Durst. Aber ich, der HERR, will sie erhören.	Offenbarung 22,17	Wen dürstet, der komme; und wer da will, der nehme das Wasser des Lebens umsonst.
18.08.2016	Donnerstag		Psalm 18,50	Ich will dich preisen und deinen Ruhm besingen unter den Völkern.	Apostelgeschichte 28,31	Paulus predigte das Reich Gottes und lehrte von dem Herrn Jesus Christus mit allem Freimut ungehindert.
19.08.2016	Freitag		Jeremia 32,42	So spricht der HERR: Gleichwie ich über dies Volk all dies große Unheil habe kommen lassen, so will ich auch alles Gute über sie kommen lassen, das ich ihnen zugesagt habe.	2.Korinther 1,7	/Paulus schreibt:/ Unsre Hoffnung steht fest für euch, weil wir wissen: wie ihr an den Leiden teilhabt, so werdet ihr auch am Trost teilhaben.
20.08.2016	Samstag		Psalm 105,5	Gedenket seiner Wunderwerke, die er getan hat, seiner Zeichen und der Urteile seines Mundes!	1.Johannes 3,1	Seht, welch eine Liebe hat uns der Vater erwiesen, dass wir Gottes Kinder heißen sollen.
21.08.2016	Sonntag	13. Sonntag nach Trinitatis	Hiob 9,2.3	Ich weiß sehr gut, dass ein Mensch nicht recht behalten kann gegen Gott. Hat er Lust, mit ihm zu streiten, so kann er ihm auf tausend nicht e i n s antworten.	1.Johannes 3,19-20	Daran erkennen wir, dass wir aus der Wahrheit sind, und können unser Herz vor ihm damit zum Schweigen bringen, dass, wenn uns unser Herz verdammt, Gott größer ist als unser Herz und erkennt alle Dinge.
22.08.2016	Montag		2.Samuel 22,29	Du, HERR, bist meine Leuchte; der HERR macht meine Finsternis licht.	Johannes 12,46	/Christus spricht:/ Ich bin in die Welt gekommen als ein Licht, damit, wer an mich glaubt, nicht in der Finsternis bleibe.
23.08.2016	Dienstag		2.Mose 20,9.10	Sechs Tage sollst du arbeiten und alle deine Werke tun. Aber am siebenten Tage ist der Sabbat des HERRN, deines Gottes. Da sollst du keine Arbeit tun.	Markus 2,27	Der Sabbat ist um des Menschen willen gemacht.
24.08.2016	Mittwoch		Hosea 10,12	Säet Gerechtigkeit und erntet nach dem Maße der Liebe!	1.Thessalonicher 5,14-15	Weist die zurecht, die sich an keine Ordnung halten, ermutigt die Verzagten, steht den Schwachen bei, habt Geduld mit allen! Seht zu, dass keiner dem andern Böses mit Bösem vergelte. Jagt vielmehr allezeit dem Guten nach, füreinander und für alle.
25.08.2016	Donnerstag		Psalm 71,23	Meine Lippen und meine Seele, die du erlöst hast, sollen fröhlich sein und dir lobsingen.	Lukas 10,20	Freut euch, dass eure Namen im Himmel geschrieben sind.
26.08.2016	Freitag		Daniel 6,24	Sie zogen Daniel aus der Grube heraus, und man fand keine Verletzung an ihm; denn er hatte seinem Gott vertraut.	Hebräer 10,35	Werft euer Vertrauen nicht weg, welches eine große Belohnung hat.
27.08.2016	Samstag		Daniel 12,2	Viele, die unter der Erde schlafen liegen, werden aufwachen, die einen zum ewigen Leben, die andern zu ewiger Schmach und Schande.	Römer 2,16	Gott wird an dem Tag das Verborgene der Menschen durch Christus Jesus richten.
28.08.2016	Sonntag	14. Sonntag nach Trinitatis	2.Samuel 22,3	Du bist mein Schutz und meine Zuflucht, mein Heiland, der du mir hilfst vor Gewalt.	2.Korinther 4,8-9	In allem sind wir bedrängt, aber nicht in die Enge getrieben, ratlos, aber nicht verzweifelt, verfolgt, aber nicht verlassen, zu Boden geworfen, aber nicht am Boden zerstört.
29.08.2016	Montag		3.Mose 19,15	Du sollst den Geringen nicht vorziehen, aber auch den Großen nicht begünstigen.	Jakobus 2,1	Haltet den Glauben an Jesus Christus, unsern Herrn der Herrlichkeit, frei von allem Ansehen der Person.
30.08.2016	Dienstag		1.Mose 2,19.20	Gott der HERR machte aus Erde alle die Tiere auf dem Felde und alle die Vögel unter dem Himmel und brachte sie zu dem Menschen. Und der Mensch gab einem jeden seinen Namen.	Lukas 12,6	Verkauft man nicht fünf Sperlinge für zwei Groschen? Dennoch ist vor Gott nicht einer von ihnen vergessen.
31.08.2016	Mittwoch		Psalm 8,3	Aus dem Munde der jungen Kinder und Säuglinge hast du eine Macht zugerichtet.	Markus 10,14	Lasst die Kinder zu mir kommen und wehret ihnen nicht; denn solchen gehört das Reich Gottes.
01.09.2016	Donnerstag		Psalm 100,3	Der HERR hat uns gemacht und nicht wir selbst zu seinem Volk und zu Schafen seiner Weide.	1.Petrus 2,10	Einst wart ihr »nicht ein Volk«, nun aber seid ihr »Gottes Volk«.
02.09.2016	Freitag		5.Mose 15,10	Dein Herz soll sich’s nicht verdrießen lassen, dass du deinem armen Bruder gibst.	Matthäus 10,42	Wer einem dieser Geringen auch nur einen Becher kalten Wassers zu trinken gibt, weil es ein Jünger ist, wahrlich, ich sage euch: Es wird ihm nicht unbelohnt bleiben.
03.09.2016	Samstag		Psalm 66,12	Du hast Menschen über unser Haupt kommen lassen, wir sind in Feuer und Wasser geraten. Aber du hast uns herausgeführt und uns erquickt.	Lukas 21,36	Seid allezeit wach und betet, dass ihr stark werdet.
04.09.2016	Sonntag	15. Sonntag nach Trinitatis	Psalm 68,21	Wir haben einen Gott, der da hilft, und den HERRN, der vom Tode errettet.	Markus 1,32	Am Abend, als die Sonne untergegangen war, brachten sie zu Jesus alle Kranken und Besessenen.
05.09.2016	Montag		1.Könige 19,11-12	Vor dem HERRN her kam ein großer und gewaltiger Sturmwind, der Berge zerriss und Felsen zerbrach, in dem Sturmwind aber war der HERR nicht. Und nach dem Sturmwind kam ein Erdbeben, in dem Erdbeben aber war der HERR nicht. Und nach dem Erdbeben kam ein Feuer, in dem Feuer aber war der HERR nicht. Nach dem Feuer aber kam das Flüstern eines sanften Windhauchs.	2.Korinther 3,17	Der Herr ist der Geist; wo aber der Geist des Herrn ist, da ist Freiheit.
06.09.2016	Dienstag		Jesaja 54,7	Ich habe dich einen kleinen Augenblick verlassen, aber mit großer Barmherzigkeit will ich dich sammeln.	Epheser 2,4-5	Gott, der reich ist an Barmherzigkeit, hat in seiner großen Liebe, mit der er uns geliebt hat, auch uns, die wir tot waren in den Sünden, mit Christus lebendig gemacht.
07.09.2016	Mittwoch		Jesaja 53,5	Durch seine Wunden sind wir geheilt.	1.Petrus 2,24	Christus hat unsre Sünde selbst hinaufgetragen an seinem Leibe auf das Holz.
08.09.2016	Donnerstag		Jeremia 31,7	Ruft laut, rühmt und sprecht: Der HERR hat seinem Volk geholfen!	Markus 5,19	/Jesus sprach zu dem Geheilten:/ Geh hin in dein Haus zu den Deinen und verkünde ihnen, welch große Wohltat dir der Herr getan und wie er sich deiner erbarmt hat.
09.09.2016	Freitag		Jesaja 43,2	Wenn du durch Wasser gehst, will ich bei dir sein, dass dich die Ströme nicht ersäufen sollen; und wenn du ins Feuer gehst, sollst du nicht brennen, und die Flamme soll dich nicht versengen.	Markus 4,39-40	Jesus stand auf und bedrohte den Wind und sprach zu dem Meer: Schweig und verstumme! Und der Wind legte sich und es entstand eine große Stille. Und er sprach zu ihnen: Was seid ihr so furchtsam?
10.09.2016	Samstag		Psalm 65,4	Zu schwer lasten unsere Vergehen auf uns, du allein kannst sie vergeben.	Lukas 18,13	Der Zöllner stand ferne, wollte auch die Augen nicht aufheben zum Himmel, sondern schlug an seine Brust und sprach: Gott, sei mir Sünder gnädig!
11.09.2016	Sonntag	16. Sonntag nach Trinitatis	Psalm 27,9	Du bist meine Hilfe; verlass mich nicht und tu die Hand nicht von mir ab, Gott, mein Heil!	Johannes 6,39	/Jesus sprach:/ Das ist aber der Wille dessen, der mich gesandt hat, dass ich nichts verliere von allem, was er mir gegeben hat.
12.09.2016	Montag		Jesaja 27,3	Ich, der HERR, behüte den Weinberg und begieße ihn immer wieder. Damit man ihn nicht verderbe, will ich ihn Tag und Nacht behüten.	Johannes 15,8	Darin wird mein Vater verherrlicht, dass ihr viel Frucht bringt und werdet meine Jünger.
13.09.2016	Dienstag		Psalm 3,3-4	Viele sagen von mir: Er hat keine Hilfe bei Gott. Aber du, HERR, bist der Schild für mich, du bist meine Ehre und hebst mein Haupt empor.	Markus 1,40-41	Es kam zu Jesus ein Aussätziger, der bat ihn, kniete nieder und sprach zu ihm: Willst du, so kannst du mich reinigen. Und es jammerte ihn und er streckte die Hand aus, rührte ihn an und sprach zu ihm: Ich will’s tun; sei rein!
14.09.2016	Mittwoch		Jeremia 10,10	Der HERR ist der wahrhaftige Gott, der lebendige Gott, der ewige König.	1.Timotheus 6,15-16	Dem König aller Könige und Herrn aller Herren, der allein Unsterblichkeit hat, der da wohnt in einem Licht, zu dem niemand kommen kann, den kein Mensch gesehen hat noch sehen kann, sei Ehre und ewige Macht!
15.09.2016	Donnerstag		Jeremia 32,40	Ich will einen ewigen Bund mit meinem Volk schließen, dass ich nicht ablassen will, ihnen Gutes zu tun.	Titus 3,7	Durch die Gnade Jesu Christi sind wir gerecht geworden, Erben des ewigen Lebens nach unsrer Hoffnung.
16.09.2016	Freitag		Sacharja 8,8	Sie sollen mein Volk sein, und ich will ihr Gott sein in Treue und Gerechtigkeit.	Kolosser 1,18	Er ist das Haupt des Leibes, nämlich der Gemeinde. Er ist der Anfang, der Erstgeborene von den Toten.
17.09.2016	Samstag		Psalm 115,11	Die ihr den HERRN fürchtet, hoffet auf den HERRN!	Römer 5,5	Hoffnung lässt nicht zuschanden werden; denn die Liebe Gottes ist ausgegossen in unsre Herzen durch den Heiligen Geist, der uns gegeben ist.
18.09.2016	Sonntag	17. Sonntag nach Trinitatis	1.Mose 15,1	/Der HERR sprach:/ Fürchte dich nicht, Abram! Ich bin dein Schild und dein sehr großer Lohn.	Hebräer 6,15	Abraham wartete in Geduld und erlangte die Verheißung.
19.09.2016	Montag		Psalm 35,28	Meine Zunge soll reden von deiner Gerechtigkeit und dich täglich preisen.	Lukas 2,37-38	Hanna diente Gott mit Fasten und Beten Tag und Nacht. Sie trat hinzu zu derselben Stunde und pries Gott und redete von ihm zu allen, die auf die Erlösung Jerusalems warteten.
20.09.2016	Dienstag		Psalm 23,5	Du bereitest vor mir einen Tisch im Angesicht meiner Feinde. Du salbest mein Haupt mit Öl und schenkest mir voll ein.	Markus 14,3.4.6	Als Jesus in Betanien war im Hause Simons des Aussätzigen und saß zu Tisch, da kam eine Frau, die hatte ein Glas mit unverfälschtem und kostbarem Nardenöl, und sie zerbrach das Glas und goss es auf sein Haupt. Da wurden einige unwillig und sprachen untereinander: Was soll diese Vergeudung des Salböls? Jesus aber sprach: Lasst sie in Frieden! Was betrübt ihr sie? Sie hat ein gutes Werk an mir getan.
21.09.2016	Mittwoch		Psalm 142,4	Wenn mein Geist in Ängsten ist, so nimmst du dich meiner an.	2.Korinther 1,3-4	Gelobt sei Gott, der uns tröstet in aller unserer Trübsal, damit wir auch trösten können, die in allerlei Trübsal sind, mit dem Trost, mit dem wir selber getröstet werden von Gott.
22.09.2016	Donnerstag		1.Mose 4,9	Soll ich meines Bruders Hüter sein?	Philipper 2,4	Ein jeder sehe nicht auf das Seine, sondern auch auf das, was dem andern dient.
23.09.2016	Freitag		Jesaja 48,18	O dass du auf meine Gebote gemerkt hättest, so würde dein Friede sein wie ein Wasserstrom und deine Gerechtigkeit wie Meereswellen.	Römer 14,17-18	Das Reich Gottes ist Gerechtigkeit und Friede und Freude in dem Heiligen Geist. Wer darin Christus dient, der ist Gott wohlgefällig und bei den Menschen geachtet.
24.09.2016	Samstag		5.Mose 8,5	Du erkennst ja in deinem Herzen, dass der HERR, dein Gott, dich erzogen hat, wie ein Mann seinen Sohn erzieht.	2.Petrus 3,18	Wachset in der Gnade und Erkenntnis unseres Herrn und Heilands Jesus Christus.
25.09.2016	Sonntag	18. Sonntag nach Trinitatis	Jeremia 33,8	Ich will sie reinigen von aller Missetat, womit sie wider mich gesündigt haben, und will ihnen vergeben.	Titus 2,13-14	Unser Heiland Jesus Christus hat sich selbst für uns gegeben, damit er uns erlöste von aller Ungerechtigkeit und reinigte sich selbst ein Volk zum Eigentum, das eifrig wäre zu guten Werken.
26.09.2016	Montag		2.Mose 24,7	Alles, was der HERR gesagt hat, wollen wir tun und darauf hören.	Römer 12,11	Seid nicht träge in dem, was ihr tun sollt. Seid brennend im Geist. Dient dem Herrn.
27.09.2016	Dienstag		2.Mose 33,14	Der HERR sprach: Mein Angesicht soll vorangehen; ich will dich zur Ruhe leiten.	2.Korinther 3,12	Weil wir nun solche Hoffnung haben, sind wir voll großer Zuversicht.
28.09.2016	Mittwoch		Daniel 7,14	Seine Macht ist ewig und vergeht nicht, und sein Reich hat kein Ende.	Kolosser 1,19-20	Es hat Gott wohlgefallen, dass in Christus alle Fülle wohnen sollte und er durch ihn alles mit sich versöhnte, es sei auf Erden oder im Himmel, indem er Frieden machte durch sein Blut am Kreuz.
29.09.2016	Donnerstag	Michaelistag	Jesaja 55,2	Der HERR spricht: Warum zählt ihr Geld dar für das, was kein Brot ist, und sauren Verdienst für das, was nicht satt macht? Hört doch auf mich, so werdet ihr Gutes essen.	Johannes 6,27	Schafft euch Speise, die nicht vergänglich ist, sondern die bleibt zum ewigen Leben. Die wird euch der Menschensohn geben.
30.09.2016	Freitag		Psalm 6,2	Ach HERR, strafe mich nicht in deinem Zorn und züchtige mich nicht in deinem Grimm!	Römer 8,34	Wer will verdammen? Christus Jesus ist hier, der gestorben ist, ja vielmehr, der auch auferweckt ist, der zur Rechten Gottes ist und uns vertritt.
01.10.2016	Samstag		Psalm 119,109	Mein Leben ist immer in Gefahr; aber dein Gesetz vergesse ich nicht.	Johannes 6,68	Herr, wohin sollen wir gehen? Du hast Worte des ewigen Lebens.
02.10.2016	Sonntag	Zum Erntedankfest	Psalm 98,3	Aller Welt Enden sehen das Heil unsres Gottes.	Markus 4,21	/Jesus sprach:/ Zündet man etwa ein Licht an, um es unter den Scheffel oder unter die Bank zu setzen? Keineswegs, sondern um es auf den Leuchter zu setzen.
03.10.2016	Montag		Psalm 55,23	Wirf dein Anliegen auf den HERRN; der wird dich versorgen.	Philipper 4,6	Sorgt euch um nichts, sondern in allen Dingen lasst eure Bitten in Gebet und Flehen mit Danksagung vor Gott kundwerden!
04.10.2016	Dienstag		Psalm 95,4	In Gottes Hand sind die Tiefen der Erde, und die Höhen der Berge sind auch sein.	Apostelgeschichte 17,24	Gott, der die Welt gemacht hat und alles, was darin ist, er, der Herr des Himmels und der Erde, wohnt nicht in Tempeln, die mit Händen gemacht sind.
05.10.2016	Mittwoch		5.Mose 13,7.9	Wenn dich dein Bruder oder dein Sohn oder deine Tochter oder deine Frau in deinen Armen oder dein Freund, der dir so lieb ist wie dein Leben, heimlich überreden würde und sagen: Lass uns hingehen und andern Göttern dienen, so willige nicht ein.	Galater 6,1	Wenn ein Mensch etwa von einer Verfehlung ereilt wird, so helft ihm wieder zurecht mit sanftmütigem Geist, ihr, die ihr geistlich seid; und sieh auf dich selbst, dass du nicht auch versucht werdest.
06.10.2016	Donnerstag		Sprüche 21,2	Einen jeglichen dünkt sein Weg recht; aber der HERR prüft die Herzen.	1.Korinther 6,12	Alles ist mir erlaubt, aber nicht alles dient zum Guten. Alles ist mir erlaubt, aber es soll mich nichts gefangen nehmen.
07.10.2016	Freitag		Richter 2,10	Als jene ganze Generation zu ihren Vorfahren versammelt worden war, kam nach ihnen eine andere Generation, die weder vom HERRN wusste, noch von dem Werk, das er für Israel getan hatte.	Lukas 2,31-32	/Simeon betete:/ Du hast dein rettendes Werk begonnen, und alle Welt wird es erfahren. Allen Völkern sendest du das Licht, und dein Volk Israel bringst du zu Ehren.
08.10.2016	Samstag		Psalm 119,130	Wenn dein Wort offenbar wird, so erfreut es und macht klug die Unverständigen.	Römer 15,4	Was zuvor geschrieben ist, das ist uns zur Lehre geschrieben, damit wir durch Geduld und den Trost der Schrift Hoffnung haben.
09.10.2016	Sonntag	20. Sonntag nach Trinitatis	4.Mose 14,20	Der HERR sprach: Ich habe vergeben, wie du es erbeten hast.	Kolosser 3,13	Wie der Herr euch vergeben hat, so vergebt auch ihr!
10.10.2016	Montag		Psalm 11,7	Der HERR ist gerecht und hat Gerechtigkeit lieb.	Epheser 5,8-9	Lebt als Kinder des Lichts; die Frucht des Lichts ist lauter Güte und Gerechtigkeit und Wahrheit.
11.10.2016	Dienstag		Jesaja 63,7	Ich will der Gnade des HERRN gedenken und der Ruhmestaten des HERRN in allem, was uns der HERR getan hat.	1.Petrus 2,3	Ihr habt ja geschmeckt, dass der Herr freundlich ist.
12.10.2016	Mittwoch		Hesekiel 34,11	Siehe, ich will mich meiner Herde selbst annehmen und sie suchen.	Markus 1,16-17	Als Jesus am Galiläischen Meer entlangging, sah er Simon und Andreas, Simons Bruder, wie sie ihre Netze ins Meer warfen; denn sie waren Fischer. Und Jesus sprach zu ihnen: Folgt mir nach.
13.10.2016	Donnerstag		Jesaja 42,8	Ich, der HERR, das ist mein Name, ich will meine Ehre keinem andern geben noch meinen Ruhm den Götzen.	1.Korinther 8,5.6	Und obwohl es solche gibt, die Götter genannt werden, so haben wir doch nur e i n e n Gott, den Vater, von dem alle Dinge sind und wir zu ihm; und e i n e n Herrn, Jesus Christus, durch den alle Dinge sind und wir durch ihn.
14.10.2016	Freitag		Jeremia 2,13	Mein Volk tut eine zwiefache Sünde: mich, die lebendige Quelle, verlassen sie und machen sich Zisternen, die doch rissig sind und kein Wasser geben.	Johannes 4,11	Spricht zu ihm die Frau: Herr, hast du doch nichts, womit du schöpfen könntest, und der Brunnen ist tief; woher hast du dann lebendiges Wasser?
15.10.2016	Samstag		Hesekiel 12,25	In eurer Zeit rede ich ein Wort und tue es auch, spricht Gott der HERR.	2.Petrus 1,16	/Petrus schreibt:/ Wir sind nicht ausgeklügelten Fabeln gefolgt, als wir euch kundgetan haben die Kraft und das Kommen unseres Herrn Jesus Christus; sondern wir haben seine Herrlichkeit selber gesehen.
16.10.2016	Sonntag	21. Sonntag nach Trinitatis	Psalm 14,1	Die Toren sprechen in ihrem Herzen: »Es ist kein Gott.«	Johannes 17,3	Das ist das ewige Leben, dass sie dich, der du allein wahrer Gott bist, und den du gesandt hast, Jesus Christus, erkennen.
17.10.2016	Montag		Micha 5,3	Er wird herrlich werden, so weit die Welt ist.	Matthäus 6,10	Dein Reich komme.
18.10.2016	Dienstag		Jesaja 43,10	Ihr seid meine Zeugen, spricht der HERR.	2.Korinther 4,5	Wir predigen nicht uns selbst, sondern Jesus Christus, dass er der Herr ist.
19.10.2016	Mittwoch		Psalm 138,8	HERR, deine Güte ist ewig. Das Werk deiner Hände wollest du nicht lassen.	Epheser 2,10	Wir sind sein Werk, geschaffen in Christus Jesus zu guten Werken, die Gott zuvor bereitet hat, dass wir darin wandeln sollen.
20.10.2016	Donnerstag		Zefanja 1,7	Seid stille vor Gott dem HERRN, denn des HERRN Tag ist nahe.	1.Petrus 4,7-8	Seid nun besonnen und nüchtern zum Gebet. Vor allen Dingen habt untereinander beständige Liebe.
21.10.2016	Freitag		3.Mose 26,9	/Der HERR spricht:/ Ich will mich zu euch wenden und will euch fruchtbar machen und euch mehren und will meinen Bund mit euch halten.	1.Korinther 3,9	Ihr seid Gottes Ackerfeld und Gottes Bau.
22.10.2016	Samstag		Maleachi 1,11	Vom Aufgang der Sonne bis hin zu ihrem Untergang ist mein Name groß bei den Nationen, spricht der HERR.	Matthäus 8,11	Viele werden kommen von Osten und von Westen und mit Abraham und Isaak und Jakob im Himmelreich zu Tisch sitzen.
23.10.2016	Sonntag	22. Sonntag nach Trinitatis	Jesaja 63,19	Ach dass du den Himmel zerrissest und führest herab!	Markus 13,26	Sie werden sehen den Menschensohn kommen in den Wolken mit großer Kraft und Herrlichkeit.
24.10.2016	Montag		Psalm 4,9	Ich liege und schlafe ganz mit Frieden; denn allein du, HERR, hilfst mir, dass ich sicher wohne.	Epheser 2,14	Er ist unser Friede.
25.10.2016	Dienstag		Jesaja 42,9	Siehe, was ich früher verkündigt habe, ist gekommen. So verkündige ich auch Neues; ehe denn es aufgeht, lasse ich’s euch hören.	1.Timotheus 3,16	Groß und einzigartig ist die geheimnisvolle Wahrheit unseres Glaubens: In der Welt erschienen als schwacher Mensch, im Himmel in seiner göttlichen Würde bestätigt – so wurde Christus den Engeln gezeigt und den Völkern der Erde verkündet. Überall in der Welt fand er Glauben, und im Himmel erhielt er die höchste Ehre.
26.10.2016	Mittwoch		Jeremia 2,2	So spricht der HERR: Ich gedenke der Treue deiner Jugend und der Liebe deiner Brautzeit, wie du mir folgtest in der Wüste, im Lande, da man nicht sät.	Hebräer 10,23	Lasst uns festhalten an dem Bekenntnis der Hoffnung und nicht wanken; denn er ist treu, der sie verheißen hat.
27.10.2016	Donnerstag		Sacharja 7,10	Denke keiner gegen seinen Bruder etwas Arges in seinem Herzen!	1.Korinther 12,21-22	Das Auge kann nicht zur Hand sagen: Ich brauche dich nicht, auch nicht der Kopf zu den Füßen: Ich brauche euch nicht. Vielmehr sind eben jene Glieder des Leibes, die als besonders schwach gelten, umso wichtiger.
28.10.2016	Freitag		Psalm 105,4	Fraget nach dem HERRN und nach seiner Macht, suchet sein Antlitz allezeit!	Lukas 11,1	Herr, lehre uns beten.
29.10.2016	Samstag		Richter 8,23	Gideon sprach: Ich will nicht Herrscher über euch sein, sondern der HERR soll Herrscher über euch sein.	Markus 10,42-43	/Jesus sprach:/ Ihr wisst, die als Herrscher gelten, halten ihre Völker nieder, und ihre Mächtigen tun ihnen Gewalt an. Aber so ist es unter euch nicht; sondern wer groß sein will unter euch, der soll euer Diener sein.
30.10.2016	Sonntag	23. Sonntag nach Trinitatis	Sprüche 10,28	Das Warten der Gerechten wird Freude werden.	Jakobus 5,8	Seid geduldig und stärkt eure Herzen; denn das Kommen des Herrn ist nahe.
31.10.2016	Montag	Reformationstag	Jesaja 12,6	Jauchze und rühme, du Tochter Zion; denn der Heilige Israels ist groß bei dir!	Römer 8,32	Gott hat seinen eigenen Sohn nicht verschont, sondern ihn für uns alle dahingegeben – wie sollte er uns mit ihm nicht alles schenken?
01.11.2016	Dienstag		Psalm 109,31	Der HERR steht dem Armen zur Rechten, dass er ihm helfe von denen, die ihn verurteilen.	Hebräer 2,11	Er schämt sich auch nicht, sie Brüder zu nennen.
02.11.2016	Mittwoch		Jesaja 53,11	Mein Knecht, der Gerechte, wird den Vielen Gerechtigkeit schaffen; denn er trägt ihre Sünden.	Markus 10,45	Der Menschensohn ist nicht gekommen, dass er sich dienen lasse, sondern dass er diene und sein Leben gebe als Lösegeld für viele.
03.11.2016	Donnerstag		Jesaja 49,3	Der HERR sprach zu mir: Du bist mein Knecht, Israel, durch den ich mich verherrlichen will.	Römer 11,2	Gott hat sein Volk nicht verstoßen, das er zuvor erwählt hat.
04.11.2016	Freitag		Psalm 69,33	Die Gott suchen, denen wird das Herz aufleben.	Hebräer 12,1-2	Lasst uns laufen mit Geduld in dem Kampf, der uns bestimmt ist, und aufsehen zu Jesus, dem Anfänger und Vollender des Glaubens.
05.11.2016	Samstag		Psalm 81,14	/Der HERR spricht:/ Wenn doch mein Volk mir gehorsam wäre!	Kolosser 1,23	Bleibt im Glauben, gegründet und fest, und weicht nicht von der Hoffnung des Evangeliums, das ihr gehört habt.
06.11.2016	Sonntag	Drittletzter Sonntag des Kirchenjahres	Prediger 12,14	Gott wird alle Werke vor Gericht bringen, alles, was verborgen ist, es sei gut oder böse.	Lukas 18,8	Wenn der Menschensohn kommen wird, meinst du, er werde Glauben finden auf Erden?
07.11.2016	Montag		Jeremia 9,23	Ich bin der HERR, der Barmherzigkeit, Recht und Gerechtigkeit übt auf Erden.	2.Timotheus 2,19	Es lasse ab von Ungerechtigkeit, wer den Namen des Herrn nennt.
08.11.2016	Dienstag		Jesaja 6,8	Ich hörte die Stimme des Herrn, wie er sprach: Wen soll ich senden? Wer will unser Bote sein? Ich aber sprach: Hier bin ich, sende mich!	1.Korinther 12,7	In einem jeden offenbart sich der Geist zum Nutzen aller.
09.11.2016	Mittwoch		Jesaja 26,9	Wenn deine Gerichte über die Erde gehen, so lernen die Bewohner des Erdkreises Gerechtigkeit.	Offenbarung 19,11	/Der Seher Johannes schreibt:/ Ich sah den Himmel weit geöffnet. Und ich sah ein weißes Pferd, auf dem saß einer, der heißt der Treue und Wahrhaftige. Er urteilt und kämpft gerecht.
10.11.2016	Donnerstag		Psalm 63,7	Gott, wenn ich mich zu Bette lege, so denke ich an dich, wenn ich wach liege, sinne ich über dich nach.	Römer 11,33	O welch eine Tiefe des Reichtums, beides, der Weisheit und der Erkenntnis Gottes! Wie unbegreiflich sind seine Gerichte und unerforschlich seine Wege!
11.11.2016	Freitag		Psalm 119,14	Herr, ich freue mich über den Weg, den deine Mahnungen zeigen, wie über großen Reichtum.	Matthäus 13,45-46	Das Himmelreich gleicht einem Kaufmann, der gute Perlen suchte, und als er eine kostbare Perle fand, ging er hin und verkaufte alles, was er hatte, und kaufte sie.
12.11.2016	Samstag		Psalm 22,23	Ich will dich in der Gemeinde rühmen, HERR.	Römer 15,5-6	Der Gott der Geduld und des Trostes gebe euch, dass ihr einträchtig gesinnt seid untereinander, Christus Jesus gemäß, damit ihr einmütig mit einem Munde Gott lobt, den Vater unseres Herrn Jesus Christus.
13.11.2016	Sonntag	Vorletzter Sonntag des Kirchenjahres	2.Könige 19,34	/Der HERR sprach:/ Ich will diese Stadt beschirmen, dass ich sie errette um meinetwillen.	2.Timotheus 2,19	Der feste Grund Gottes besteht und hat dieses Siegel: Der Herr kennt die Seinen.
14.11.2016	Montag		3.Mose 10,3	Das ist’s, was der HERR gesagt hat: Ich erzeige mich heilig an denen, die mir nahe sind, und vor allem Volk erweise ich mich herrlich.	Apostelgeschichte 10,36	Gott hat das Wort dem Volk Israel gesandt und Frieden verkündigt durch Jesus Christus, welcher ist Herr über alle.
15.11.2016	Dienstag		Psalm 119,6	Wenn ich schaue allein auf deine Gebote, so werde ich nicht zuschanden.	Johannes 4,31-34	Die Jünger mahnten Jesus und sprachen: Rabbi, iss! Er aber sprach zu ihnen: Ich habe eine Speise zu essen, von der ihr nicht wisst. Da sprachen die Jünger untereinander: Hat ihm jemand zu essen gebracht? Jesus spricht zu ihnen: Meine Speise ist die, dass ich tue den Willen dessen, der mich gesandt hat, und vollende sein Werk.
16.11.2016	Mittwoch	Buß- und Bettag	Psalm 5,12	Lass sich freuen alle, die auf dich trauen.	1.Petrus 1,8	Jesus Christus liebt ihr, obwohl ihr ihn nicht gesehen habt. An ihn glaubt ihr, obwohl ihr ihn auch jetzt noch nicht seht, und jubelt in unaussprechlicher und ungetrübter Freude.
17.11.2016	Donnerstag		5.Mose 10,14	Siehe, der Himmel und aller Himmel Himmel und die Erde und alles, was darinnen ist, das ist des HERRN, deines Gottes.	Römer 1,20	Gottes unsichtbares Wesen, das ist seine ewige Kraft und Gottheit, wird seit der Schöpfung der Welt ersehen aus seinen Werken, wenn man sie wahrnimmt.
18.11.2016	Freitag		Jesaja 38,14	Herr, ich leide Not, tritt für mich ein!	Römer 8,26	Der Geist hilft unsrer Schwachheit auf. Denn wir wissen nicht, was wir beten sollen, wie sich’s gebührt; sondern der Geist selbst vertritt uns mit unaussprechlichem Seufzen.
19.11.2016	Samstag		Jesaja 8,19	Wenn sie aber zu euch sagen: Ihr müsst die Totengeister und Beschwörer befragen, so sprecht: Soll nicht ein Volk seinen Gott befragen?	1.Korinther 6,17	Wer dem Herrn anhängt, der ist ein Geist mit ihm.
20.11.2016	Sonntag	Letzter Sonntag des Kirchenjahres (Ewigkeitssonntag)	Psalm 119,116	Erhalte mich durch dein Wort, dass ich lebe, und lass mich nicht zuschanden werden in meiner Hoffnung.	1.Thessalonicher 5,23	Der Gott des Friedens heilige euch durch und durch und bewahre euren Geist samt Seele und Leib unversehrt, untadelig für die Ankunft unseres Herrn Jesus Christus.
21.11.2016	Montag		Psalm 111,2	Groß sind die Werke des HERRN; wer sie erforscht, der hat Freude daran.	Lukas 12,27	Seht die Lilien an, wie sie wachsen: sie spinnen nicht, sie weben nicht. Ich sage euch aber, dass auch Salomo in aller seiner Herrlichkeit nicht gekleidet gewesen ist wie eine von ihnen.
22.11.2016	Dienstag		Psalm 125,2	Wie um Jerusalem Berge sind, so ist der HERR um sein Volk her von nun an bis in Ewigkeit.	Offenbarung 21,3	/Der Seher Johannes schreibt:/ Ich hörte eine laute Stimme vom Thron her rufen: Siehe, die Wohnung Gottes bei den Menschen! Er wird bei ihnen wohnen, und sie werden seine Völker sein.
23.11.2016	Mittwoch		1.Mose 6,22	Noah tat alles, was ihm Gott gebot.	Hebräer 11,7	Durch den Glauben hat Noah Gott geehrt und die Arche gebaut zur Rettung seines Hauses, als er ein göttliches Wort empfing über das, was man noch nicht sah.
24.11.2016	Donnerstag		Hiob 19,25	Ich weiß, dass mein Erlöser lebt.	1.Timotheus 1,15	/Paulus schreibt:/ Das ist gewisslich wahr und ein Wort, des Glaubens wert, dass Christus Jesus in die Welt gekommen ist, die Sünder selig zu machen, unter denen ich der erste bin.
25.11.2016	Freitag		Sprüche 16,9	Des Menschen Herz erdenkt sich seinen Weg; aber der HERR allein lenkt seinen Schritt.	Jakobus 4,15	Ihr solltet sagen: Wenn der Herr will, werden wir leben und dies oder das tun.
26.11.2016	Samstag		Psalm 1,3	Der Gerechte ist wie ein Baum, gepflanzt an den Wasserbächen, der seine Frucht bringt zu seiner Zeit, und seine Blätter verwelken nicht.	Galater 5,22-23	Der Geist Gottes lässt als Frucht eine Fülle von Gutem wachsen, nämlich: Liebe, Freude und Frieden, Geduld, Freundlichkeit und Güte, Treue, Bescheidenheit und Selbstbeherrschung.
27.11.2016	Sonntag	1. Sonntag im Advent	Jesaja 55,11	Mein Wort wird nicht wieder leer zu mir zurückkommen, sondern wird tun, was mir gefällt, und ihm wird gelingen, wozu ich es sende.	Markus 16,20	Die Jünger zogen aus und predigten an allen Orten. Und der Herr wirkte mit ihnen und bekräftigte das Wort durch die mitfolgenden Zeichen.
28.11.2016	Montag		Psalm 112,1	Wohl dem, der den HERRN fürchtet, der große Freude hat an seinen Geboten!	2.Timotheus 3,14-15	Bleibe bei dem, was du gelernt hast und was dir anvertraut ist; du weißt ja, von wem du gelernt hast und dass du von Kind auf die Heilige Schrift kennst, die dich unterweisen kann zur Seligkeit durch den Glauben an Christus Jesus.
29.11.2016	Dienstag		Hesekiel 20,41.42	Ich werde mich an euch als heilig erweisen vor den Augen der Nationen. Und ihr werdet erkennen, dass ich der HERR bin, wenn ich euch auf Israels Boden bringe, in das Land, das euren Vorfahren zu geben ich meine Hand erhoben habe.	Römer 11,29	Gottes Gaben und Berufung können ihn nicht gereuen.
30.11.2016	Mittwoch		1.Mose 32,27	Ich lasse dich nicht, du segnest mich denn.	Kolosser 4,2	Seid beharrlich im Gebet und wacht in ihm mit Danksagung!
01.12.2016	Donnerstag		Sprüche 4,13	Halte dich an die Unterweisung, lass nicht von ihr ab, bewahre sie, denn sie ist dein Leben.	1.Timotheus 1,5	Die Hauptsumme aller Unterweisung ist Liebe aus reinem Herzen und aus gutem Gewissen und aus ungefärbtem Glauben.
02.12.2016	Freitag		Psalm 3,6	Ich liege und schlafe und erwache; denn der HERR hält mich.	1.Petrus 5,14	Friede sei mit euch allen, die ihr in Christus seid!
03.12.2016	Samstag		Psalm 73,1	Gott ist dennoch Israels Trost für alle, die reinen Herzens sind.	Lukas 2,25	Simeon wartete auf den Trost Israels.
04.12.2016	Sonntag	2. Sonntag im Advent	4.Mose 6,26	Der HERR hebe sein Angesicht über dich und gebe dir Frieden.	Römer 15,13	Der Gott der Hoffnung erfülle euch mit aller Freude und Frieden im Glauben.
05.12.2016	Montag		Joel 2,23	Freut euch und seid fröhlich im HERRN, eurem Gott.	Lukas 1,68-69	Gelobt sei der Herr, der Gott Israels! Denn er hat besucht und erlöst sein Volk und hat uns aufgerichtet eine Macht des Heils im Hause seines Dieners David.
06.12.2016	Dienstag		1.Könige 18,21	Elia sprach: Wie lange hinkt ihr auf beiden Seiten? Ist der HERR Gott, so wandelt ihm nach, ist’s aber Baal, so wandelt ihm nach.	Markus 2,21	/Jesus sprach:/ Niemand flickt einen Lappen von neuem Tuch auf ein altes Kleid; sonst reißt der neue Lappen vom alten ab und der Riss wird ärger.
07.12.2016	Mittwoch		Klagelieder 3,22	Die Güte des HERRN ist’s, dass wir nicht gar aus sind.	1.Timotheus 1,14	Unser Herr hat mir seine Gnade im Überfluss geschenkt und mit ihr den Glauben und die Liebe, die aus der Verbindung mit ihm erwachsen.
08.12.2016	Donnerstag		Josua 5,14	Josua fiel auf sein Angesicht zur Erde nieder, betete an und sprach: Was sagt mein Herr seinem Knecht?	Lukas 11,28	Selig sind, die das Wort Gottes hören und bewahren.
09.12.2016	Freitag		4.Mose 22,18	Bileam sprach: Wenn mir Balak sein Haus voll Silber und Gold gäbe, so könnte ich doch nicht übertreten das Wort des HERRN.	Römer 12,21	Lass dich nicht vom Bösen überwinden, sondern überwinde das Böse mit Gutem.
10.12.2016	Samstag		Jeremia 23,5	Siehe, es kommt die Zeit, spricht der HERR, dass ich dem David einen gerechten Spross erwecken will. Der soll ein König sein, der wohl regieren und Recht und Gerechtigkeit im Lande üben wird.	Markus 11,9-10	Die vorangingen und die nachfolgten, schrien: Hosianna! Gelobt sei, der da kommt in dem Namen des Herrn! Gelobt sei das Reich unseres Vaters David, das da kommt! Hosianna in der Höhe!
11.12.2016	Sonntag	3. Sonntag im Advent	Zefanja 3,19	Ich will die Zerstreuten sammeln und will sie zu Lob und Ehren bringen in allen Landen, wo man sie verachtet.	Markus 6,34	Jesus sah die große Menge; und sie jammerten ihn, denn sie waren wie Schafe, die keinen Hirten haben.
12.12.2016	Montag		Sprüche 31,8	Tu deinen Mund auf für die Stummen und für die Sache aller, die verlassen sind.	Hebräer 13,3	Denkt an die Gefangenen, als wärt ihr Mitgefangene, und an die Misshandelten, weil ihr auch noch im Leibe lebt.
13.12.2016	Dienstag		2.Mose 33,18	Lass mich deine Herrlichkeit sehen!	Johannes 14,8-9	Spricht zu ihm Philippus: Herr, zeige uns den Vater und es genügt uns. Jesus spricht zu ihm: So lange bin ich bei euch und du kennst mich nicht, Philippus?
14.12.2016	Mittwoch		Nehemia 2,20	Der Gott des Himmels wird es uns gelingen lassen; denn wir, seine Knechte, haben uns aufgemacht und bauen wieder auf.	1.Korinther 3,9	Wir sind Gottes Mitarbeiter.
15.12.2016	Donnerstag		Jesaja 38,19	Der Vater macht den Kindern deine Treue kund.	Matthäus 13,52	Jeder Schriftgelehrte, der ein Jünger des Himmelreichs geworden ist, gleicht einem Hausvater, der aus seinem Schatz Neues und Altes hervorholt.
16.12.2016	Freitag		Hesekiel 18,23	Meinst du, dass ich Gefallen habe am Tode des Gottlosen, spricht Gott der HERR, und nicht vielmehr daran, dass er sich bekehrt von seinen Wegen und am Leben bleibt?	Römer 2,4	Weisst du nicht, dass Gottes Güte dich zur Umkehr leitet?
17.12.2016	Samstag		Psalm 116,1	Ich liebe den HERRN, denn er hört die Stimme meines Flehens.	Lukas 1,13	Der Engel sprach zu ihm: Fürchte dich nicht, Zacharias, denn dein Gebet ist erhört, und deine Frau Elisabeth wird dir einen Sohn gebären, und du sollst ihm den Namen Johannes geben.
18.12.2016	Sonntag	4. Sonntag im Advent	Psalm 113,5-7	Wer ist wie der HERR, unser Gott, im Himmel und auf Erden, der oben thront in der Höhe, der hernieder schaut in die Tiefe, der den Geringen aufrichtet aus dem Staube?	2.Korinther 13,4	/Paulus schreibt:/ Wenn Christus auch gekreuzigt worden ist in Schwachheit, so lebt er doch in der Kraft Gottes. Und wenn wir auch schwach sind in ihm, so werden wir uns doch mit ihm lebendig erweisen an euch in der Kraft Gottes.
19.12.2016	Montag		Psalm 97,11	Dem Gerechten muss das Licht immer wieder aufgehen und Freude den frommen Herzen.	Matthäus 2,10	Als sie den Stern sahen, wurden sie hocherfreut.
20.12.2016	Dienstag		Hiob 9,10	Gott tut große Dinge, die nicht zu erforschen, und Wunder, die nicht zu zählen sind.	Johannes 1,16	Von seiner Fülle haben wir alle genommen Gnade um Gnade.
21.12.2016	Mittwoch		Jesaja 5,22.23	Wehe denen, die aus einem Schuldigen einen Gerechten machen gegen Bestechung und Gerechten ihre Gerechtigkeit absprechen!	Matthäus 7,2	Nach welchem Recht ihr richtet, werdet ihr gerichtet werden; und mit welchem Maß ihr messt, wird euch zugemessen werden.
22.12.2016	Donnerstag		Sacharja 4,6	Es soll nicht durch Heer oder Kraft, sondern durch meinen Geist geschehen, spricht der HERR Zebaoth.	Hebräer 11,30	Durch den Glauben fielen die Mauern Jerichos.
23.12.2016	Freitag		Psalm 22,28	Es werden sich zum HERRN bekehren aller Welt Enden.	Johannes 1,9	Das wahre Licht, das in die Welt gekommen ist und nun allen Menschen leuchtet, ist Er, der das Wort ist.
24.12.2016	Samstag	Heiliger Abend	Psalm 116,10	Ich glaube, auch wenn ich sage: Ich werde sehr geplagt.	Johannes 8,36	Wenn euch nun der Sohn frei macht, so seid ihr wirklich frei.
25.12.2016	Sonntag	Weihnachtsfest	1.Samuel 2,4	Der Bogen der Starken ist zerbrochen, und die Schwachen sind umgürtet mit Stärke.	Lukas 1,52-53	/Maria sprach:/ Er stößt die Gewaltigen vom Thron und erhebt die Niedrigen. Die Hungrigen füllt er mit Gütern und lässt die Reichen leer ausgehen.
26.12.2016	Montag	2. Weihnachtstag	Psalm 146,8	Der HERR macht die Blinden sehend.	Epheser 1,18	Er gebe euch erleuchtete Augen des Herzens, damit ihr erkennt, zu welcher Hoffnung ihr von ihm berufen seid.
27.12.2016	Dienstag		Psalm 6,5	Wende dich, HERR, und errette mich, hilf mir um deiner Güte willen!	Matthäus 9,22	Jesus wandte sich um und sah die Frau und sprach: Sei getrost, meine Tochter, dein Glaube hat dir geholfen. Und die Frau wurde gesund zu derselben Stunde.
28.12.2016	Mittwoch		Jeremia 1,9	Der HERR sprach zu Jeremia: Siehe, ich lege meine Worte in deinen Mund.	Markus 9,7	Eine Stimme geschah aus der Wolke: Das ist mein lieber Sohn; den sollt ihr hören!
29.12.2016	Donnerstag		Jeremia 1,8	Fürchte dich nicht; denn ich bin bei dir und will dich erretten, spricht der HERR.	Lukas 19,10	Der Menschensohn ist gekommen, zu suchen und selig zu machen, was verloren ist.
30.12.2016	Freitag		Psalm 93,4	Die Wasserwogen im Meer sind groß und brausen mächtig; der HERR aber ist noch größer in der Höhe.	Johannes 16,33	/Jesus Christus spricht:/ In der Welt habt ihr Angst; aber seid getrost, ich habe die Welt überwunden.
31.12.2016	Samstag	Altjahrsabend	Psalm 133,1.3	Siehe, wie fein und lieblich ist’s, wenn Brüder einträchtig beieinander wohnen! Denn dort verheißt der HERR den Segen und Leben bis in Ewigkeit.	2.Korinther 13,11.13	Habt einerlei Sinn, haltet Frieden! So wird der Gott der Liebe und des Friedens mit euch sein. Die Gnade unseres Herrn Jesus Christus und die Liebe Gottes und die Gemeinschaft des Heiligen Geistes sei mit euch allen!
